id_cliente,idade,genero,pais,nivel_educacao,score_credito,tipo_conta,saldo_conta,saldo_normalizado,salario_anual,num_produtos,num_transacoes,tempo_cliente,cartao_credito,membro_ativo,ruido_1,ruido_2,ruido_3,churn
1,47,Masculino,Brasil,Graduação,734.0,Corrente,2344526.5433652084,0.49386542939057076,33031.77,1,21.0,2.6,1,0,1.1267236367786344,75,B,0
2,40,Masculino,Brasil,Pós-Graduação,656.0,Corrente,74977.63,0.0394700426871665,22324.79,1,24.0,0.3,1,0,-1.4867184699052318,78,A,0
3,49,Feminino,Argentina,Doutorado,634.0,Premium,576290.13,4.114144181872031,17236.21,1,25.0,2.1,0,1,-0.18115087673127475,42,B,0
4,60,Feminino,Brasil,Graduação,582.0,Poupança,6152.83,-0.5199387745567092,93438.81,3,25.0,0.6,1,1,-1.064517973083039,55,A,0
5,39,Masculino,Chile,Graduação,530.0,Poupança,164568.12,0.7676626425523208,39943.34,2,22.0,8.3,1,0,0.43052961167703435,92,C,0
6,39,Masculino,Brasil,Pós-Graduação,767.0,Corrente,143735.35,0.5983336328695655,42098.78,1,35.0,14.8,1,0,-0.35835093235555227,59,A,0
7,60,Masculino,Brasil,Ensino Médio,699.0,Corrente,11293.08,-0.4781587596080594,44554.97,1,26.0,0.4,1,1,-0.13013906688012547,51,C,0
8,51,Masculino,Brasil,Graduação,503.0,Poupança,121608.24,0.41848421181603346,90018.07,2,22.0,15.5,1,0,-0.4110558072784743,88,C,0
9,36,Masculino,Argentina,Pós-Graduação,718.0,Premium,54359.46,-0.12811469556754929,44014.84,3,18.0,3.7,1,1,0.7201634327682686,53,B,0
10,48,Masculino,Argentina,Graduação,733.0,Poupança,27640.25,-0.3452887616569638,200071.94,1,19.0,1.8,1,1,0.2290329605981383,81,B,0
11,36,Masculino,Brasil,Ensino Médio,661.0,Premium,13511.24,-0.4601295279639766,53117.21,1,20.0,0.4,0,0,0.23092676403965554,9,A,1
12,36,Masculino,Colombia,Graduação,793.0,Poupança,15322.36,-0.44540872242459645,92695.1,3,35.0,3.5,1,0,0.1606218250814536,94,C,0
13,44,Masculino,Brasil,Pós-Graduação,669.0,Corrente,424970.28,2.8842145879753445,79470.72,1,26.0,7.9,1,1,0.572490880452137,3,B,0
14,19,Feminino,Argentina,Ensino Médio,522.0,Corrente,36345.27,-0.2745342524933443,47960.43,1,22.0,6.1,1,0,-0.2619718548563233,8,C,0
15,21,Feminino,Brasil,Graduação,682.0,Poupança,92832.86,0.18459757078630176,34469.06,4,32.0,0.3,0,0,1.7007747875409267,82,C,0
16,35,Feminino,Brasil,Ensino Médio,672.0,Corrente,14057.63,-0.4556884633527626,59824.97,2,27.0,0.4,1,1,-1.2347947512185196,59,C,0
17,29,Masculino,Chile,Graduação,595.0,Corrente,14245.22,-0.4541637295354935,66573.32,1,24.0,2.6,0,1,-1.7259184481696488,30,A,0
18,45,Feminino,Chile,Pós-Graduação,701.0,Corrente,133036.89,0.5113764189738345,34767.85,1,21.0,1.7,1,0,-1.8086805686085732,67,C,1
19,31,Masculino,Brasil,Pós-Graduação,499.0,Corrente,7190.45,-0.5115049864897829,54165.71,1,25.0,1.3,1,1,-2.0795881192924357,55,C,0
20,25,Feminino,Brasil,Graduação,739.0,Premium,22064.9,-0.39060527473394535,102921.62,1,29.0,1.6,0,1,0.6731698148202521,34,A,0
21,59,Masculino,Brasil,Ensino Médio,570.0,Corrente,37829.06,-0.26247398920252046,169730.75,3,27.0,8.1,1,0,0.5513676992826408,43,A,0
22,39,Masculino,Argentina,Ensino Médio,561.0,Corrente,41508.24,-0.2325695691064603,81848.2,1,25.0,13.2,1,0,1.2077764917755949,28,B,0
23,42,Feminino,Brasil,Ensino Médio,639.0,Poupança,29292.54,-0.33185892830265135,149889.83,2,24.0,2.6,1,1,-1.056638214705522,37,C,0
24,24,Feminino,Chile,Graduação,688.0,Poupança,58394.89,-0.09531467110877204,,3,38.0,11.8,0,0,0.7454614547455006,89,C,0
25,35,Feminino,Brasil,Ensino Médio,664.0,Poupança,83401.94,0.10794293753314867,74692.08,1,29.0,1.9,1,0,0.056824062149305965,30,A,0
26,43,Masculino,Brasil,Graduação,583.0,Premium,87690.17,0.14279772348777117,109437.81,1,23.0,3.2,1,1,0.1665864991558592,71,A,0
27,28,Masculino,Brasil,Ensino Médio,604.0,Poupança,11125.95,-0.4795171942947708,28629.7,2,24.0,1.3,0,1,0.6256228953496078,62,B,0
28,46,Masculino,Brasil,Pós-Graduação,548.0,Poupança,25822.82,-0.36006085495361756,36630.85,3,26.0,5.1,1,1,-0.7562817510624437,29,A,0
29,34,Feminino,Brasil,Pós-Graduação,629.0,Corrente,152316.43,0.6680807561953881,139071.41,3,18.0,19.3,1,1,2.5872491354044875,2,A,0
30,38,Feminino,Brasil,,,Corrente,,0.2936751700101299,,1,,4.6,0,0,1.3318803042753538,90,A,0
31,34,Feminino,Argentina,Ensino Médio,649.0,Poupança,6992.33,-0.5131153082760047,21923.67,2,34.0,2.2,1,0,-0.5317059539953605,57,A,0
32,64,Masculino,Brasil,Pós-Graduação,727.0,Poupança,55369.04,-0.11990881696400707,122613.07,2,27.0,5.2,1,1,-1.0907380577233479,57,B,0
33,41,Feminino,Argentina,Doutorado,780.0,Premium,3381.69,-0.5424626344127087,100514.57,3,33.0,0.7,0,1,-0.08790416180469174,42,C,0
34,29,Masculino,Brasil,Ensino Médio,597.0,Poupança,38419.56,-0.25767439797112557,63530.29,1,29.0,11.0,0,1,0.18225844358204224,49,C,0
35,51,Masculino,Colombia,Pós-Graduação,633.0,Poupança,354094.97,2.308139200340465,47694.6,2,31.0,3.5,1,0,1.0656152597083106,57,C,0
36,27,Masculino,Colombia,Pós-Graduação,845.0,Corrente,11643.8,-0.47530810315306393,37680.02,3,21.0,3.0,1,1,-1.168720911568326,71,C,0
37,44,Masculino,Chile,Graduação,779.0,Corrente,13343.87,-0.46148991337362694,58056.35,1,21.0,4.4,1,0,0.2854869431991662,18,C,0
38,18,Masculino,Argentina,Graduação,499.0,Corrente,90838.25,0.16838535627986212,126485.65,2,10.0,4.9,1,0,-1.529015024414789,70,A,0
39,26,Masculino,Brasil,Graduação,684.0,Corrente,5702.38,-0.5236000376730205,56564.66,1,21.0,0.4,0,0,0.4363575934111188,27,C,0
40,44,Masculino,Argentina,Graduação,650.0,Corrente,16995.33,-0.43181080177703207,179903.44,1,21.0,5.7,1,0,-0.10750422045805064,54,A,0
41,50,Masculino,Colombia,Graduação,724.0,Corrente,74289.83,0.033879595864214025,28602.08,1,26.0,1.4,1,1,1.9366797622857632,24,C,0
42,44,Masculino,Brasil,Pós-Graduação,582.0,Poupança,16964.14,-0.4320643144789918,48445.35,3,24.0,6.3,1,0,-1.546002544219677,97,C,0
43,40,Masculino,Brasil,Pós-Graduação,574.0,Poupança,27359.96,-0.34756696220945776,39189.53,1,18.0,8.6,1,0,1.3706083814901049,95,A,0
44,38,Masculino,Brasil,Ensino Médio,589.0,Poupança,88700.68,0.15101116114270233,25563.35,2,28.0,8.1,0,0,-1.7038313351662184,34,C,0
45,24,Feminino,Brasil,Graduação,598.0,Corrente,60225.75,-0.08043341860765146,44718.82,2,29.0,4.0,1,1,-1.3272102744065042,22,A,0
46,33,Feminino,Brasil,Graduação,723.0,Corrente,50020.19,-0.16338433526721904,62968.98,1,33.0,3.7,0,1,-1.6770945584721653,88,B,0
47,36,Masculino,Brasil,Ensino Médio,543.0,Premium,24174.49,-0.3734585013794349,67140.19,2,34.0,0.8,1,1,0.2503526084510541,63,B,0
48,54,Feminino,Brasil,Graduação,593.0,Corrente,56617.5,-0.10976131879508702,180280.87,2,31.0,7.5,0,0,-1.1736988107537336,36,B,0
49,46,Feminino,Colombia,Pós-Graduação,488.0,Premium,31304.61,-0.3155047987023926,64775.35,3,28.0,1.6,0,1,-1.348331505280538,92,C,0
50,20,Masculino,Brasil,Graduação,740.0,Corrente,62904.11,-0.05866367572785658,,2,36.0,3.4,1,0,0.2027676016233806,84,C,0
51,45,Masculino,Chile,Ensino Médio,764.0,Poupança,20003.88,-0.40735727053365667,51003.86,2,26.0,1.7,1,0,0.4517753858746905,61,C,0
52,37,Feminino,Brasil,Ensino Médio,620.0,Corrente,29170.62,-0.33284989555571093,134166.03,1,34.0,0.7,1,1,0.03984930415032582,82,C,1
53,33,Feminino,Brasil,Graduação,623.0,Corrente,11070.63,-0.4799668359322319,206709.47,3,25.0,5.0,1,0,-0.1622191490215529,42,A,0
54,49,Feminino,Brasil,Graduação,690.0,Corrente,34821.52,-0.28691931115352715,67416.9,1,30.0,0.3,1,0,1.8289096324371783,96,B,0
55,54,Feminino,Brasil,Graduação,782.0,Poupança,13722.59,-0.4584116725757373,27021.94,2,15.0,6.9,1,0,0.14583626624197032,33,A,0
56,53,Masculino,Brasil,Graduação,686.0,Corrente,9539.0,-0.492415943328915,35267.49,1,25.0,1.9,1,0,0.8056914739222492,74,B,0
57,31,Masculino,Brasil,,,Poupança,,-0.167344627954069,,3,,0.0,1,0,0.14292212568995877,9,B,0
58,38,Masculino,Brasil,Ensino Médio,504.0,Corrente,46877.25,-0.1889301900763644,64466.36,2,17.0,3.6,1,0,-1.0978762882546842,25,A,0
59,45,Masculino,Argentina,Graduação,549.0,Corrente,92915.75,0.18527130172139122,74537.31,2,25.0,0.2,1,0,0.5498876819020168,13,A,0
60,53,Masculino,Brasil,Ensino Médio,656.0,Premium,21647.59,-0.3939971755244169,64609.62,1,23.0,1.6,1,1,-0.6557973114697923,47,A,0
61,36,Masculino,Brasil,Pós-Graduação,591.0,Premium,59258.44,-0.08829572613354579,49226.68,1,23.0,6.1,1,1,-0.09098613803923626,45,B,0
62,39,Masculino,Argentina,Ensino Médio,667.0,Poupança,70330.24,0.001695999854190376,33465.85,2,25.0,0.3,1,1,0.305402681893426,5,A,0
63,28,Masculino,Brasil,Graduação,600.0,Corrente,61928.05,-0.06659710336090537,62360.23,2,34.0,9.1,1,1,-1.941418066886643,31,C,0
64,27,Masculino,Brasil,Graduação,554.0,Corrente,13483.41,-0.46035573054478895,,1,29.0,0.0,1,1,-1.6095021238917289,31,A,1
65,51,Masculino,Brasil,Graduação,544.0,Premium,43444.35,-0.21683284331642472,90396.17,4,25.0,1.4,1,1,0.9094591724975633,98,B,0
66,58,Masculino,Brasil,,,Corrente,,-0.11301935122386318,,3,,6.8,1,0,-0.663746446598944,90,B,0
67,41,Masculino,Brasil,Graduação,730.0,Poupança,36629.68,-0.27222256453039584,90920.44,1,28.0,1.9,0,1,-0.6163219891088609,71,A,1
68,54,Feminino,Brasil,Pós-Graduação,805.0,Corrente,2969.73,-0.545811050337663,39236.46,3,25.0,0.5,1,0,0.16643839737082022,41,A,0
69,46,Feminino,Brasil,Graduação,698.0,Premium,44028.29,-0.212086571845365,36135.86,2,25.0,2.2,1,0,-0.38567259712186935,46,B,0
70,34,Masculino,Argentina,,,Corrente,,3.629037019616149,,2,20.0,1.6,0,0,0.41758838164278955,52,B,0
71,46,Masculino,Brasil,,,Corrente,,-0.3783291314378619,,1,,9.2,1,1,-0.05112178873304408,84,A,0
72,60,Feminino,Brasil,Graduação,647.0,Poupança,15158.36,-0.4467417164329771,38055.33,2,29.0,1.9,1,1,0.19860295018044843,86,C,0
73,41,Masculino,Chile,Graduação,669.0,Premium,56841.29,-0.10794235093450467,101211.21,2,21.0,7.8,1,0,-0.7018583902422526,5,C,0
74,60,Feminino,Argentina,Pós-Graduação,646.0,Premium,52831.02,-0.140537874605167,36857.19,1,29.0,11.1,1,1,0.1935948232809277,12,C,0
75,18,Masculino,Brasil,Pós-Graduação,384.0,Poupança,151946.26,0.6650720099022037,30283.76,2,24.0,2.8,0,1,1.105089086835444,21,B,0
76,51,Feminino,Colombia,Graduação,794.0,Poupança,8026.94,-0.5047059855259395,157242.79,2,28.0,12.0,1,0,-0.5677482161141986,9,C,0
77,43,Feminino,Brasil,Graduação,694.0,Poupança,87348.08,0.14001721177846063,37390.61,2,30.0,2.4,0,0,0.9153183002721513,93,C,0
78,38,Feminino,Brasil,Ensino Médio,679.0,Poupança,73755.18,0.02953395411677062,53750.97,1,22.0,16.6,0,0,-0.051560318322649144,91,A,0
79,43,Masculino,Colombia,Graduação,644.0,Premium,30620.47,-0.3210654970005239,64266.49,3,19.0,0.5,1,1,0.7344816559779378,17,A,1
80,18,Feminino,Chile,Graduação,664.0,Corrente,54525.56,-0.1267646327334516,24784.76,2,22.0,5.8,0,0,0.1287713183531109,24,C,0
81,39,Feminino,Brasil,Pós-Graduação,596.0,Poupança,124910.03,0.44532120137049136,102877.09,1,27.0,3.4,0,0,-0.03341092009792633,27,B,0
82,46,Feminino,Argentina,Graduação,705.0,Poupança,103443.25,0.270838950643508,71845.37,1,28.0,2.5,1,0,0.34972968207636607,8,C,0
83,59,Masculino,Argentina,Pós-Graduação,532.0,Poupança,9213.06,-0.49506518764044904,124870.24,2,22.0,5.0,1,1,1.213597562302249,44,A,0
84,35,Feminino,Brasil,Ensino Médio,666.0,Premium,97167.33,0.21982819602718967,32613.02,3,24.0,6.1,1,1,0.23609729421507558,62,A,0
85,32,Masculino,Brasil,Graduação,700.0,Corrente,33603.1,-0.29682264383457063,52024.78,1,28.0,0.0,1,0,0.47853083090839754,29,A,1
86,35,Masculino,Brasil,Pós-Graduação,632.0,Corrente,39634.25,-0.24780138277576044,50192.13,2,31.0,0.9,1,1,-0.36848491357670143,83,C,0
87,52,Feminino,Chile,Ensino Médio,683.0,Corrente,39649.61,-0.24767653650765845,57430.63,1,27.0,6.2,0,0,1.5708864739950257,74,B,0
88,45,Masculino,Brasil,Ensino Médio,560.0,Corrente,30324.41,-0.32347187630614077,20480.55,2,23.0,5.5,1,0,0.6403371109296716,24,C,0
89,35,Feminino,Argentina,Graduação,563.0,Corrente,151759.0,0.6635499583289758,52391.61,4,25.0,16.9,1,1,0.07770846002500614,34,A,0
90,48,Feminino,Brasil,Pós-Graduação,671.0,Premium,32844.46,-0.30298887904504557,20829.42,2,25.0,7.2,1,1,-0.1226536722546745,60,A,0
91,43,Masculino,Brasil,Graduação,711.0,Poupança,9476.26,-0.492925894817243,60779.05,1,35.0,15.1,1,0,0.9779082692731105,31,A,0
92,53,Feminino,Argentina,Graduação,481.0,Premium,22646.58,-0.38587737257056215,13667.97,2,21.0,6.1,1,0,-0.6062040770452595,4,A,0
93,33,Feminino,Argentina,Graduação,696.0,Corrente,45000.72,-0.20418264889676999,16139.87,1,31.0,1.8,0,1,-1.782875016271333,95,C,0
94,38,Masculino,Brasil,Graduação,601.0,Premium,158745.53,0.7203365597275829,80107.86,1,29.0,0.6,0,1,0.07239959942445533,9,C,0
95,37,Feminino,Brasil,Pós-Graduação,632.0,Poupança,74885.35,0.03871998971708501,35309.13,2,21.0,7.6,0,1,1.1900045731143436,90,B,0
96,24,Masculino,Brasil,Ensino Médio,529.0,Corrente,13086.78,-0.4635795440420086,27099.9,2,19.0,5.2,1,1,1.591308811184674,77,A,0
97,45,Masculino,Brasil,Graduação,573.0,Poupança,716567.62,5.25432133846151,105083.17,1,21.0,0.2,1,1,-0.1072939434338799,90,C,0
98,45,Masculino,Brasil,Graduação,736.0,Premium,49897.71,-0.16437985420713652,59669.47,3,28.0,2.2,1,1,0.04358766394178335,54,C,0
99,42,Masculino,Argentina,Pós-Graduação,652.0,Corrente,167790.07,0.7938506916090403,82723.1,2,26.0,15.7,1,1,0.5195304325159551,1,A,0
100,39,Masculino,Brasil,,,Poupança,,-0.3239066436811913,,1,,3.5,1,1,-0.26434941886376495,61,C,0
101,25,Feminino,Brasil,Pós-Graduação,639.0,Premium,68873.8,-0.01014196230169924,,2,27.0,2.8,1,0,0.5164059483911488,73,A,0
102,36,Feminino,Brasil,Graduação,694.0,Corrente,99445.22,0.23834291384273948,34108.15,2,27.0,3.1,1,0,-0.08540175106826788,31,B,0
103,37,Masculino,Chile,Ensino Médio,689.0,Poupança,156660.08,0.7033859965886963,139622.46,2,29.0,1.2,1,0,1.0113682571901796,88,A,0
104,32,Masculino,Brasil,Ensino Médio,643.0,Corrente,129164.49,0.479901504351559,47248.7,2,22.0,2.3,1,1,0.7229805130978236,45,A,0
105,40,Masculino,Argentina,Pós-Graduação,748.0,Corrente,103428.56,0.27071955014361093,18165.76,2,28.0,2.3,1,0,0.8102278323024328,60,C,1
106,46,Masculino,Brasil,Pós-Graduação,737.0,Poupança,24881.9,-0.3677086642363341,65493.7,1,24.0,0.3,1,0,-0.205317644802088,86,B,0
107,64,Masculino,Brasil,Doutorado,687.0,Corrente,18286.25,-0.4213181882081374,59210.7,3,23.0,7.3,1,0,1.9259273205022611,73,B,0
108,44,Masculino,Brasil,Ensino Médio,654.0,Poupança,54129.2,-0.12998625166736472,26087.38,2,22.0,2.7,1,0,0.4839119423794722,87,C,0
109,45,Masculino,Brasil,Graduação,709.0,Corrente,111274.31,0.3344899022244181,28188.47,1,28.0,8.6,1,1,0.24729405348683148,84,B,0
110,41,Masculino,Chile,Graduação,678.0,Corrente,27798.44,-0.3440029913997337,,2,27.0,9.5,1,0,-0.7609429805669716,42,B,0
111,18,Feminino,Brasil,Pós-Graduação,745.0,Poupança,130379.72,0.48977890867353696,60466.74,3,18.0,1.2,1,0,-0.0970718201485539,85,A,1
112,41,Feminino,Argentina,,,Corrente,,1.1170410223898652,,3,,5.4,1,1,0.11437976070263597,27,C,0
113,42,Masculino,Brasil,Pós-Graduação,558.0,Corrente,12093.4,-0.47165374884716194,92214.52,1,31.0,3.2,1,1,-0.7876772964243001,58,B,0
114,71,Masculino,Brasil,Graduação,552.0,Poupança,13302.34,-0.46182746972221267,36435.59,1,31.0,10.6,0,0,-0.2923171457690879,69,B,0
115,39,Masculino,Brasil,Ensino Médio,586.0,Premium,30685.64,-0.32053579444243757,22047.43,2,25.0,1.2,1,0,-0.1658000181030098,81,B,0
116,45,Feminino,Argentina,Ensino Médio,737.0,Premium,52529.76,-0.1429865195744642,86218.49,1,24.0,5.7,1,1,0.05592066092321825,98,A,0
117,41,Feminino,Chile,Ensino Médio,508.0,Poupança,19351.39,-0.412660717244195,48331.04,3,22.0,4.7,0,0,-1.7627069900416041,73,A,0
118,27,Feminino,Chile,Graduação,685.0,Premium,183991.2,0.9255336746516976,101691.55,1,25.0,1.7,1,1,-0.1352705407042644,34,C,0
119,55,Feminino,Brasil,Ensino Médio,682.0,Premium,60408.21,-0.07895038149320556,63752.99,1,30.0,0.7,1,0,-0.3773461830799317,10,C,0
120,51,Masculino,Argentina,Graduação,754.0,Corrente,38075.89,-0.2604677519397851,48976.28,1,29.0,5.3,1,0,-0.020884149624899602,66,A,0
121,51,Feminino,Brasil,Graduação,666.0,Corrente,,-0.5172566930757004,,1,16.0,6.7,1,0,1.035276566180256,25,C,0
122,31,Masculino,Argentina,Pós-Graduação,529.0,Corrente,7487.73,-0.5090886910092257,65488.36,2,28.0,1.9,1,0,2.0523954921212058,3,C,0
123,58,Masculino,Colombia,Pós-Graduação,563.0,Corrente,50879.28,-0.15640164122661102,38249.33,2,32.0,5.2,1,1,0.678377199644627,34,C,0
124,25,Feminino,Brasil,Graduação,543.0,Premium,2809.85,-0.5471105569355891,29391.37,1,26.0,2.5,1,1,-1.2344221720663362,71,A,0
125,49,Masculino,Brasil,,,Poupança,,0.42503433304489746,,1,,6.2,1,1,-0.3454069518325343,28,A,0
126,68,Feminino,Argentina,Ensino Médio,633.0,Poupança,30037.91,-0.3258005518146838,44950.06,2,33.0,1.1,0,1,0.5959633088310913,9,B,0
127,30,Masculino,Argentina,Doutorado,545.0,Corrente,1779266.15,13.891948004345107,50018.12,1,24.0,11.0,0,1,0.4832904964290231,11,B,0
128,35,Feminino,Brasil,Graduação,782.0,Corrente,579255.83,4.138249427790655,94242.63,2,21.0,1.7,1,1,0.9873257354530744,93,B,0
129,43,Masculino,Colombia,,,Corrente,,-0.3325310336352916,,2,,2.3,1,1,-0.09735099429059582,80,B,0
130,35,Masculino,Argentina,Pós-Graduação,771.0,Premium,31964.96,-0.31013746581559903,49464.99,2,25.0,0.3,1,0,-0.36350024436550565,39,C,1
131,23,Feminino,Brasil,Graduação,756.0,Corrente,119934.11,0.4048768626742635,34207.85,3,28.0,0.6,1,0,1.7524240039160388,93,C,0
132,42,Feminino,Brasil,Pós-Graduação,730.0,Premium,280353.65,1.708768848327787,63477.7,3,26.0,3.6,1,1,0.05867060336963758,13,A,0
133,29,Feminino,Argentina,Graduação,587.0,Corrente,5086.6,-0.528605105054,60469.64,3,19.0,1.6,1,1,-1.0166743760211148,99,C,0
134,47,Feminino,Brasil,Graduação,680.0,Poupança,4257.13,-0.5353470473718749,84159.16,1,21.0,9.0,0,1,1.475133657032921,11,C,0
135,30,Feminino,Brasil,Graduação,535.0,Poupança,17215.38,-0.4300222326822506,34631.63,1,20.0,0.1,1,1,-1.4960954913944449,35,C,0
136,60,Feminino,Brasil,Pós-Graduação,731.0,Premium,,0.024031289826077384,,1,19.0,2.4,1,0,-3.4950452224886055,8,B,1
137,32,Masculino,Argentina,Pós-Graduação,643.0,Corrente,65923.37,-0.034123093473324186,78848.41,3,29.0,2.1,1,1,0.7693867580375736,7,A,0
138,38,Masculino,Argentina,Graduação,613.0,Corrente,131101.32,0.49564408231041185,57029.72,4,24.0,0.1,1,1,0.9107009710246312,69,B,0
139,51,Masculino,Brasil,Ensino Médio,539.0,Corrente,8607.27,-0.4999890561790887,28460.41,3,26.0,0.7,1,0,0.41401294194469096,70,C,0
140,27,Feminino,Argentina,Graduação,427.0,Premium,2254.37,-0.5516255051781214,107358.87,1,25.0,2.7,1,1,-1.3024560839920498,57,C,0
141,44,Masculino,Colombia,Doutorado,556.0,Corrente,101683.17,0.2565329988491751,17693.09,3,34.0,3.4,1,1,-0.0588698552423208,35,A,1
142,57,Feminino,Brasil,Graduação,750.0,Corrente,13442.34,-0.46068954800774137,78477.78,1,26.0,2.6,1,1,-0.2781685735538712,94,B,1
143,22,Masculino,Argentina,Pós-Graduação,613.0,Poupança,3222.18,-0.5437591336461038,22945.4,1,22.0,3.8,1,1,-0.5372890108923895,11,C,0
144,44,Feminino,Colombia,Graduação,634.0,Poupança,43220.77,-0.21865010429443535,151975.27,1,24.0,4.5,0,0,1.4120694308092794,38,A,0
145,45,Masculino,Argentina,Graduação,708.0,Poupança,94071.54,0.1946655769954537,19404.11,1,30.0,0.0,0,0,-1.046666058631689,91,C,0
146,51,Masculino,Argentina,Graduação,812.0,Premium,31367.62,-0.31499265265075815,97865.6,2,28.0,3.1,1,1,0.3161044531063998,85,C,0
147,27,Feminino,Brasil,Pós-Graduação,769.0,Poupança,20964.42,-0.39954998965066935,46677.59,1,22.0,16.6,1,0,1.194046983662575,78,A,0
148,26,Masculino,Brasil,Pós-Graduação,562.0,Premium,29994.38,-0.3261543641877619,39341.63,2,28.0,3.7,1,1,0.3814415253190378,49,A,0
149,48,Masculino,Brasil,Graduação,475.0,Poupança,23278.85,-0.3807382742676425,54788.63,2,19.0,5.7,1,0,1.2411183724953738,35,C,0
150,45,Masculino,Argentina,Graduação,862.0,Corrente,7203.65,-0.5113976967281327,71620.76,3,21.0,1.9,1,1,0.5637147224289293,29,A,0
151,45,Masculino,Colombia,Graduação,854.0,Premium,15404.01,-0.4447450702246923,28491.46,2,25.0,7.4,1,0,0.4293496704920289,88,C,0
152,46,Masculino,Brasil,Ensino Médio,666.0,Poupança,67882.66,-0.018197960359421086,30047.28,1,22.0,7.4,0,0,0.36683486883214705,41,B,0
153,33,Feminino,Brasil,Pós-Graduação,535.0,Corrente,53423.94,-0.13571861358413617,72385.62,3,24.0,3.7,1,1,0.6134432666501503,96,C,0
154,44,Masculino,Brasil,Graduação,736.0,Poupança,44430.07,-0.20882089908507737,17598.94,3,19.0,18.7,1,1,-0.38553909741226045,6,A,0
155,45,Feminino,Argentina,Pós-Graduação,640.0,Corrente,11001.88,-0.4805256367741597,34525.81,1,31.0,0.7,1,1,-1.3018738518727866,10,B,1
156,33,Masculino,Brasil,Pós-Graduação,639.0,Corrente,29207.95,-0.3325464768585594,303887.3,2,23.0,0.1,0,1,0.9540434114633092,84,A,0
157,64,Feminino,Argentina,Pós-Graduação,730.0,Poupança,2663.83,-0.5482974092837827,27424.5,1,27.0,7.4,1,0,1.161742300505766,84,C,0
158,47,Feminino,Brasil,Pós-Graduação,680.0,Poupança,44988.94,-0.2042783968810305,97604.77,1,28.0,8.2,1,0,0.2519788109060436,90,A,0
159,27,Masculino,Brasil,Graduação,543.0,Poupança,201718.66,1.0696226866261327,34490.17,2,29.0,0.6,1,0,-0.5483756196343702,85,C,0
160,49,Masculino,Brasil,Pós-Graduação,620.0,Corrente,6192.17,-0.5196190185549429,66531.25,3,25.0,1.5,1,1,-1.557717116529638,23,A,0
161,30,Masculino,Chile,Ensino Médio,709.0,Premium,17977.69,-0.42382616766683207,72592.25,1,24.0,0.1,1,0,0.0858070999233881,46,A,0
162,51,Feminino,Brasil,Graduação,695.0,Corrente,53902.28,-0.1318306602062777,96507.31,3,32.0,1.7,1,1,-1.3489503447179714,12,C,0
163,55,Feminino,Colombia,Pós-Graduação,673.0,Corrente,163310.92,0.7574441055563689,43470.93,3,33.0,7.4,1,0,-1.4889875026379256,55,B,0
164,32,Feminino,Brasil,Graduação,734.0,Corrente,21207.93,-0.39757073738859144,161672.96,3,22.0,3.6,1,0,-0.020731528015692665,13,C,0
165,53,Masculino,Brasil,Pós-Graduação,617.0,Corrente,15824.26,-0.4413292730782169,34420.17,1,18.0,2.1,0,1,-0.7637695011880145,74,B,0
166,46,Masculino,Brasil,Pós-Graduação,666.0,Corrente,3419.65,-0.5421540950678422,56417.36,3,27.0,2.3,1,1,0.3453095561647705,7,B,0
167,51,Masculino,Colombia,Pós-Graduação,346.0,Poupança,41114.9,-0.23576664144338977,56792.88,1,33.0,0.0,1,0,-0.1592956025618743,12,B,1
168,64,Masculino,Argentina,Graduação,609.0,Premium,421043.42,2.8522970218061388,25004.7,2,17.0,1.8,1,0,-0.60663456622261,61,B,0
169,39,Masculino,Brasil,Graduação,718.0,Premium,50656.87,-0.15820939243029353,41294.17,1,25.0,5.2,1,0,-1.7049150807289657,25,C,0
170,32,Masculino,Argentina,Graduação,614.0,Poupança,35357.48,-0.2825630217100412,54009.11,1,23.0,18.3,0,0,-0.8528881258303576,2,C,0
171,31,Feminino,Brasil,Pós-Graduação,608.0,Corrente,53449.83,-0.13550817934708145,37825.07,2,27.0,9.4,0,1,-0.8161364900510906,26,B,0
172,32,Feminino,Brasil,Graduação,556.0,Poupança,35835.33,-0.2786790510581834,212045.12,1,25.0,0.1,1,0,-1.225307673514962,51,B,0
173,41,Feminino,Brasil,Graduação,740.0,Poupança,13689.48,-0.45868079106120974,29638.39,1,37.0,11.4,1,0,-0.32904429524238493,69,B,0
174,46,Masculino,Chile,Graduação,699.0,Corrente,97532.01,0.22279231953314235,,1,25.0,7.6,1,1,-1.1472519911746517,62,B,0
175,45,Feminino,Brasil,Ensino Médio,724.0,Poupança,47615.51,-0.18292960375546752,81950.93,2,23.0,7.6,0,1,-0.16374274729121518,72,B,0
176,51,Feminino,Brasil,Ensino Médio,494.0,Corrente,37091.23,-0.26847108047815144,48614.77,1,17.0,3.1,1,0,0.24041121366865606,73,B,0
177,42,Feminino,Brasil,Ensino Médio,635.0,Corrente,11266.18,-0.47837740313748284,29169.37,3,22.0,2.5,0,0,-0.8261699543891778,39,A,0
178,59,Feminino,Brasil,Graduação,624.0,Poupança,173548.0,0.8406512171619372,30916.55,1,26.0,1.8,1,0,0.42540862941858476,84,B,0
179,38,Feminino,Brasil,Pós-Graduação,624.0,Poupança,80631.39,0.08542387320437442,35926.11,1,16.0,0.3,0,0,-1.3613578712477037,11,A,0
180,74,Feminino,Brasil,Ensino Médio,594.0,Poupança,18704.04,-0.4179223859717877,16790.28,1,27.0,1.3,1,1,-1.1121773983962906,64,C,0
181,49,Masculino,Brasil,Ensino Médio,618.0,Corrente,120836.04,0.41220776075949966,26847.31,2,24.0,1.4,1,1,-0.11321729762476908,86,C,0
182,31,Feminino,Colombia,Graduação,726.0,Poupança,19988.55,-0.4074818729613913,20141.03,1,25.0,3.3,1,0,0.6870410918886385,80,B,1
183,29,Feminino,Brasil,Pós-Graduação,477.0,Premium,14208.5,-0.45446219014517486,109921.86,1,22.0,6.9,0,1,0.8673995414892665,42,C,0
184,47,Feminino,Brasil,Ensino Médio,809.0,Premium,14593.86,-0.4513299793459702,71045.62,4,35.0,3.2,1,0,1.6123906221575592,10,C,0
185,39,Feminino,Brasil,Graduação,693.0,Corrente,4336.04,-0.5347056659255255,78557.37,2,16.0,0.3,1,0,-0.37658887481751024,89,B,1
186,50,Masculino,Brasil,Ensino Médio,646.0,Corrente,63949.62,-0.05016575764430754,69793.71,1,32.0,15.8,0,1,-0.1275013186783045,19,C,0
187,47,Feminino,Chile,Graduação,731.0,Poupança,4034.45,-0.537156993138864,54186.15,1,23.0,14.3,1,0,-1.032675529017987,4,C,0
188,41,Feminino,Brasil,Ensino Médio,519.0,Corrente,8315.42,-0.502361216553149,117760.5,3,24.0,7.7,1,0,-1.253766331991023,83,B,0
189,31,Masculino,Chile,Graduação,590.0,Corrente,3008.79,-0.5454935701793254,,1,27.0,23.7,1,1,0.22857208632752485,3,B,0
190,23,Masculino,Argentina,Pós-Graduação,639.0,Corrente,32751.9,-0.30374120785855596,52260.8,1,20.0,3.9,0,0,-0.7758714994462428,81,B,0
191,36,Feminino,Argentina,Graduação,772.0,Poupança,30321.6,-0.32349471602055274,76744.37,2,23.0,16.5,1,0,1.2323792000172902,14,A,0
192,52,Masculino,Brasil,Ensino Médio,645.0,Poupança,24537.66,-0.370506651171974,22187.28,2,22.0,0.4,1,1,-1.4623857318673907,10,B,0
193,44,Masculino,Brasil,Graduação,690.0,Corrente,10393.2,-0.485472995268191,314252.89,2,19.0,2.3,1,1,0.4863532058246964,6,C,0
194,27,Masculino,Brasil,Graduação,596.0,Corrente,8895.67,-0.4976449374472779,49868.23,1,24.0,1.3,0,1,-1.0057392388170292,31,B,0
195,44,Feminino,Chile,Pós-Graduação,693.0,Poupança,63401.57,-0.054620314755850295,53380.12,1,29.0,1.1,1,0,-0.8204484667720836,31,A,1
196,46,Masculino,Brasil,Graduação,800.0,Corrente,18757.29,-0.41748956931967635,104206.19,2,27.0,0.8,1,0,0.5391120652520308,48,C,0
197,31,Masculino,Brasil,Pós-Graduação,739.0,Poupança,53083.95,-0.1384820564677297,,1,18.0,4.9,0,0,-0.6758804361079083,9,A,0
198,43,Feminino,Brasil,Pós-Graduação,642.0,Corrente,12552.83,-0.4679194961808795,50153.66,2,28.0,7.6,1,1,-0.5157840675199,76,C,0
199,42,Feminino,Argentina,Ensino Médio,710.0,Corrente,45128.77,-0.20314185692864112,53001.61,2,31.0,4.3,1,0,-0.8121583635515687,26,B,1
200,28,Feminino,Argentina,Pós-Graduação,701.0,Corrente,173500.13,0.8402621292157106,19880.82,1,28.0,0.8,0,1,1.7850297916134417,2,A,0
201,46,Masculino,Brasil,Graduação,695.0,Poupança,73379.43,0.026479853515252182,35105.76,3,23.0,8.3,1,0,-0.6174863110800096,4,B,0
202,48,Feminino,Brasil,Graduação,750.0,Poupança,22139.16,-0.3900016885445408,66857.99,3,25.0,5.1,1,0,0.05155221743276316,96,C,0
203,54,Masculino,Brasil,Ensino Médio,749.0,Corrente,49446.11,-0.16805046453753097,63980.63,2,23.0,2.5,0,0,-0.20191360028107427,92,B,0
204,54,Feminino,Brasil,Graduação,638.0,Corrente,27206.24,-0.34881640025194716,101997.08,1,15.0,5.6,0,1,0.2214170617242611,6,B,0
205,25,Feminino,Argentina,Graduação,707.0,Corrente,36660.54,-0.2719717340724774,45601.66,1,23.0,1.5,1,1,-0.6147369469659352,30,C,0
206,30,Masculino,Chile,Graduação,615.0,Poupança,24569.64,-0.3702467173403398,21324.84,2,28.0,2.1,1,1,-0.20081723454165015,55,A,0
207,48,Masculino,Argentina,Graduação,566.0,Corrente,29815.92,-0.32760488925322295,92414.42,1,14.0,12.5,0,0,0.39395200899393523,28,C,0
208,48,Masculino,Brasil,Graduação,625.0,Corrente,46840.9,-0.18922564332151462,116035.75,4,21.0,1.7,1,0,-0.8630071380029918,61,C,0
209,48,Feminino,Argentina,Graduação,643.0,Poupança,11025.54,-0.48033332800441403,84031.48,1,19.0,3.2,1,0,1.089321356628154,77,B,0
210,85,Masculino,Colombia,Graduação,500.0,Poupança,10731.57,-0.4827227197644363,44436.65,2,35.0,11.0,1,1,1.1854805190416324,55,C,0
211,48,Feminino,Chile,,,Corrente,,-0.5141749572325448,,1,20.0,6.2,1,0,0.6064926261587394,36,A,1
212,55,Masculino,Chile,Graduação,400.0,Corrente,5322.37,-0.5266887636067079,,2,23.0,0.3,1,0,0.06987638359648339,74,C,0
213,53,Masculino,Brasil,,,Premium,,-0.5014499038201025,,1,,0.8,0,0,-2.990601448204536,74,C,0
214,49,Feminino,Argentina,Graduação,785.0,Premium,43974.05,-0.21252743522960013,22313.74,1,29.0,0.0,1,0,0.4242911326544627,5,B,0
215,38,Feminino,Chile,Ensino Médio,626.0,Corrente,12439.78,-0.4688383679653151,34483.25,1,21.0,5.0,1,0,-0.3913304052288644,29,A,1
216,51,Feminino,Argentina,Ensino Médio,650.0,Poupança,67261.1,-0.02325000765118368,71345.22,3,25.0,3.0,0,0,-0.2462744114175397,12,B,0
217,32,Masculino,Brasil,Ensino Médio,677.0,Poupança,37860.23,-0.2622206390608056,18715.69,1,21.0,0.7,0,0,-1.8973773305228165,22,B,1
218,39,Masculino,Colombia,Pós-Graduação,596.0,Premium,3421.37,-0.5421401148867786,54265.39,3,19.0,15.8,0,0,0.4935884858741925,59,A,0
219,36,Masculino,Brasil,Graduação,667.0,Corrente,79695.68,0.07781841086546068,61586.75,3,27.0,3.8,1,1,-1.4485810468269544,39,A,0
220,42,Masculino,Brasil,Ensino Médio,637.0,Poupança,96082.11,0.21100751457734312,123139.49,1,30.0,1.4,0,1,0.11842454599139433,2,C,0
221,69,Masculino,Brasil,Ensino Médio,641.0,Poupança,11018.87,-0.48038754184609633,,2,20.0,3.5,1,0,0.9046574819098411,14,A,0
222,19,Feminino,Argentina,Ensino Médio,666.0,Corrente,60127.94,-0.08122841948545456,82351.41,1,28.0,5.7,1,1,-0.46932818131755216,10,B,0
223,50,Masculino,Brasil,Graduação,531.0,Poupança,12993.47,-0.46433796886470363,13391.73,4,33.0,0.4,0,0,1.2160517252284404,48,A,0
224,22,Masculino,Brasil,Ensino Médio,653.0,Corrente,40831.31,-0.2380716644362963,85189.36,2,28.0,1.6,1,0,-0.7469903782071803,64,A,0
225,36,Masculino,Argentina,Graduação,664.0,Corrente,7963.33,-0.5052230083849217,74854.99,1,24.0,8.2,0,1,0.6004330767310017,3,A,0
226,55,Feminino,Argentina,Graduação,661.0,Corrente,4222.88,-0.5356254317913081,57157.54,1,23.0,3.1,0,1,-1.3047857514585275,72,B,0
227,42,Feminino,Argentina,Pós-Graduação,630.0,Premium,22939.59,-0.38349578370229626,17359.01,1,23.0,4.0,1,1,1.0311304346805235,60,C,0
228,29,Masculino,Brasil,Graduação,752.0,Poupança,31304.75,-0.3155036607806782,30758.93,4,26.0,2.8,1,0,0.8759903825792899,81,C,0
229,33,Masculino,Argentina,Graduação,618.0,Poupança,22534.09,-0.38679169266813984,24340.73,1,19.0,0.2,1,1,0.4683579229637297,68,B,0
230,50,Masculino,Brasil,Pós-Graduação,670.0,Poupança,8770.62,-0.4986613453786681,14632.42,2,18.0,0.9,1,0,-0.39328413661381123,21,C,0
231,33,Feminino,Brasil,Graduação,766.0,Corrente,22474.15,-0.38727888572217845,48935.13,1,22.0,2.9,1,0,-1.402000623428112,94,C,1
232,44,Feminino,Brasil,Pós-Graduação,642.0,Corrente,50169.06,-0.1621743180841238,,3,35.0,1.2,0,0,-0.3906403152194575,19,B,0
233,42,Feminino,Chile,Graduação,669.0,Poupança,34410.89,-0.29025691682219384,236850.25,1,24.0,0.3,0,1,1.1103071757481227,79,B,0
234,34,Masculino,Brasil,Graduação,641.0,Premium,,-0.20250819709392548,,2,25.0,9.3,1,0,0.12996187156911543,20,C,0
235,67,Masculino,Brasil,Graduação,761.0,Corrente,16250.22,-0.4378670649818156,106537.46,2,22.0,19.9,0,1,-1.5530369295124498,58,A,0
236,49,Feminino,Brasil,Doutorado,626.0,Corrente,148161.99,0.6343134169991878,19120.96,2,23.0,7.9,1,1,-1.1247276394199412,42,C,0
237,18,Feminino,Brasil,Graduação,765.0,Corrente,8853.71,-0.4979859888411294,35665.75,1,29.0,9.6,0,0,1.2531514008522797,94,A,0
238,44,Feminino,Colombia,Pós-Graduação,640.0,Corrente,65190.72,-0.0400780816455197,,1,26.0,1.4,1,1,0.4879127521278857,10,B,1
239,34,Feminino,Colombia,Ensino Médio,572.0,Corrente,149981.81,0.64910493624511,28427.37,1,22.0,16.2,1,1,-1.2340001207399278,23,A,0
240,52,Masculino,Brasil,,711.0,Poupança,,-0.04429107423310469,,2,21.0,1.1,0,0,-1.7658314961745936,88,A,1
241,32,Feminino,Brasil,Pós-Graduação,622.0,Corrente,28480.39,-0.3384600934484217,43011.79,1,25.0,15.1,1,0,-0.6250421346000665,12,A,0
242,40,Feminino,Brasil,Graduação,705.0,Corrente,19264.97,-0.4133631400625136,42601.95,2,35.0,26.3,1,1,-1.8513587079899194,9,B,0
243,48,Feminino,Argentina,Doutorado,404.0,Poupança,125907.8,0.4534310881494057,149204.2,1,27.0,6.2,0,0,-0.1558344900070006,79,C,0
244,52,Masculino,Brasil,Ensino Médio,650.0,Premium,6584.21,-0.5164325126339334,61508.81,3,26.0,19.9,1,1,2.451625371836304,29,C,0
245,27,Masculino,Brasil,Pós-Graduação,608.0,Corrente,11337.27,-0.4777995827468988,65362.65,3,21.0,4.2,0,0,-1.5969560756991719,82,A,0
246,37,Masculino,Brasil,Graduação,554.0,Poupança,22537.38,-0.38676495150784973,67764.44,2,22.0,1.5,0,0,-0.18602566320621514,20,C,0
247,36,Masculino,Brasil,Ensino Médio,600.0,Corrente,160361.27,0.7334693142342958,70797.28,1,13.0,2.9,0,1,1.311926575331251,65,B,0
248,34,Masculino,Brasil,,,Premium,,-0.10436984571192212,,1,,4.5,1,1,0.7490878583000953,3,B,0
249,63,Feminino,Brasil,Graduação,645.0,Poupança,11365.58,-0.4775694787202082,40439.09,1,24.0,0.4,0,0,-0.14874071479913828,8,B,1
250,46,Masculino,Brasil,Ensino Médio,526.0,Poupança,25025.0,-0.3665455456838995,54181.22,1,23.0,4.9,0,1,-0.14634867016819725,39,B,0
251,26,Masculino,Brasil,Ensino Médio,678.0,Corrente,17375.43,-0.42872134432224257,98133.33,2,23.0,19.9,1,0,-1.1559097824245792,64,C,0
252,53,Masculino,Colombia,,,Poupança,,-0.44400794079408235,,2,,1.1,1,1,-0.26765577000555346,31,A,0
253,67,Masculino,Brasil,Doutorado,675.0,Poupança,117555.69,0.38554503578760085,42436.36,3,25.0,7.9,1,1,0.24344071424013,72,A,0
254,54,Feminino,Brasil,Ensino Médio,722.0,Corrente,7001.7,-0.5130391488012576,77707.43,1,25.0,11.9,0,0,1.1051135432740902,79,A,0
255,23,Masculino,Colombia,,,Corrente,2753436.467895905,1.4647397484967275,,2,,14.4,1,0,-0.620175623514756,22,B,1
256,36,Masculino,Chile,Ensino Médio,761.0,Poupança,98113.05,0.22751501976868807,50027.21,2,26.0,16.1,1,0,-0.18983512806346253,96,C,0
257,57,Feminino,Brasil,,818.0,Poupança,,0.5229565605812737,,2,22.0,3.7,1,0,-0.9492134807566824,5,C,0
258,33,Feminino,Argentina,Ensino Médio,605.0,Corrente,20836.73,-0.4005878555343896,43959.01,1,23.0,18.9,0,0,0.22532517954050518,58,C,0
259,47,Masculino,Brasil,Ensino Médio,585.0,Poupança,30335.42,-0.32338238689130994,109622.51,2,39.0,7.1,1,1,0.7837794503089633,73,C,0
260,51,Feminino,Argentina,Ensino Médio,720.0,Corrente,6504.29,-0.5170821033726516,51815.92,2,23.0,0.9,1,0,0.6296480134298948,79,C,0
261,30,Feminino,Colombia,Graduação,713.0,Corrente,19349.18,-0.4126786801512592,53165.74,2,24.0,3.2,1,1,-1.1701870754423553,63,C,1
262,41,Feminino,Brasil,Pós-Graduação,719.0,Poupança,65669.23,-0.03618874650557939,20571.65,3,21.0,6.3,0,1,0.14686320945641482,61,A,0
263,18,Masculino,Brasil,Graduação,820.0,Corrente,172004.46,0.8281053051394016,40719.15,1,25.0,1.4,0,1,-0.6773125282501883,52,B,1
264,29,Feminino,Brasil,Ensino Médio,651.0,Corrente,9618.19,-0.49177228603913653,42413.04,1,29.0,5.1,1,0,1.0110500156528333,33,A,0
265,38,Masculino,Argentina,Graduação,688.0,Corrente,23421.11,-0.37958198324549475,29807.46,2,28.0,5.5,1,0,-0.16131272277353803,22,C,0
266,27,Masculino,Brasil,Pós-Graduação,561.0,Poupança,30286.0,-0.32378407325651826,49662.19,2,23.0,0.9,0,1,-1.5195133382410844,51,B,0
267,61,Masculino,Argentina,Ensino Médio,842.0,Corrente,2336532.496649498,-0.5146578424400929,37891.82,1,23.0,4.2,1,0,-0.21980270560773324,11,B,0
268,24,Masculino,Brasil,Ensino Médio,619.0,Premium,73837.28,0.030201263922185608,51431.06,2,20.0,7.4,0,1,0.4584725691988813,58,B,0
269,36,Feminino,Brasil,Ensino Médio,622.0,Corrente,15232.88,-0.44613601696038857,52727.99,4,21.0,3.5,1,0,0.24400606314279952,50,B,0
270,43,Feminino,Brasil,Pós-Graduação,618.0,Poupança,28725.24,-0.3364699496499338,27626.96,3,25.0,0.1,1,1,-0.5117960136519804,70,C,0
271,59,Masculino,Brasil,Graduação,591.0,Corrente,21113.35,-0.3983394847868393,,1,20.0,0.0,1,1,-0.5852733898711462,17,C,1
272,24,Masculino,Brasil,Graduação,584.0,Poupança,14083.99,-0.4554742089499521,51350.22,3,19.0,2.2,0,1,-0.9875043982163164,46,B,0
273,55,Masculino,Brasil,Ensino Médio,602.0,Poupança,36009.79,-0.27726103804170726,99765.69,2,29.0,13.0,1,0,-0.39474962033530625,44,C,0
274,42,Feminino,Argentina,Graduação,527.0,Corrente,28036.67,-0.3420666550423159,57184.12,2,28.0,1.3,1,0,-0.8556789665258027,57,B,0
275,30,Feminino,Argentina,Doutorado,579.0,Corrente,23243.26,-0.3810275502234856,32953.04,2,30.0,5.0,1,1,0.9700859861773148,5,C,0
276,47,Feminino,Chile,,,Corrente,,-0.44679853123857816,,3,,1.3,1,0,-0.9011373907316163,39,B,0
277,44,Feminino,Brasil,Pós-Graduação,716.0,Corrente,53286.04,-0.1368394664728904,136561.36,2,19.0,1.9,0,0,0.1222844623622011,58,C,0
278,34,Feminino,Chile,Graduação,733.0,Corrente,264168.05,1.5772120933153133,84967.48,1,24.0,9.4,1,1,0.05430390332633274,9,A,0
279,42,Feminino,Argentina,Ensino Médio,755.0,Poupança,42953.12,-0.220825566772137,68085.25,2,29.0,6.5,0,1,0.9456674478849113,93,A,0
280,37,Masculino,Brasil,Graduação,815.0,Poupança,120011.38,0.4055049141805292,75762.15,2,28.0,0.5,1,0,1.089368288958371,23,C,0
281,43,Feminino,Brasil,Pós-Graduação,490.0,Corrente,6848.15,-0.5142872050816651,116305.13,1,22.0,2.8,1,1,0.6959699432813283,47,C,0
282,49,Feminino,Brasil,,,Corrente,,-0.21325627408771902,,3,31.0,0.1,0,1,0.3529283432901299,36,A,1
283,61,Feminino,Colombia,Pós-Graduação,577.0,Corrente,9731.84,-0.4908485374473533,68875.53,2,21.0,3.3,1,0,-1.048646146094058,31,C,1
284,27,Feminino,Brasil,Graduação,607.0,Corrente,6171.46,-0.5197873496885621,93077.27,2,30.0,5.4,1,1,-1.0688700877382575,84,B,1
285,67,Feminino,Brasil,Graduação,622.0,Poupança,14954.3,-0.4484003186119414,25616.95,1,23.0,0.6,1,1,-0.845690819764949,23,C,1
286,18,Feminino,Brasil,Pós-Graduação,609.0,Poupança,151793.94,0.6638339510768588,19903.3,2,25.0,1.7,1,1,0.7519209996279153,56,C,0
287,40,Feminino,Chile,Pós-Graduação,669.0,Corrente,113552.32,0.35300559540143756,53866.24,1,20.0,2.5,0,0,0.07332992825063586,71,A,0
288,49,Masculino,Brasil,Graduação,653.0,Corrente,48611.03,-0.17483800500410723,51083.07,1,20.0,12.6,1,1,0.8686572407355625,46,A,0
289,45,Masculino,Brasil,Graduação,584.0,Poupança,5771.92,-0.5230348157014182,35371.23,2,34.0,25.0,1,0,1.002802734320083,58,C,0
290,34,Feminino,Brasil,Ensino Médio,454.0,Corrente,28694.57,-0.33671923578552554,,1,32.0,0.2,1,0,-0.7259519002992479,36,B,1
291,39,Masculino,Brasil,Graduação,560.0,Corrente,52158.37,-0.1460051820425891,16031.04,2,27.0,7.2,1,1,0.03207432755718716,68,C,0
292,36,Feminino,Brasil,Graduação,600.0,Poupança,44830.48,-0.20556636170156703,35565.69,1,29.0,2.3,0,0,-0.012993678683590195,88,B,0
293,34,Feminino,Brasil,Ensino Médio,627.0,Poupança,3973.68,-0.5376509324430669,36644.79,1,19.0,2.5,0,0,-0.3277876896242152,60,B,0
294,52,Feminino,Chile,Graduação,548.0,Corrente,12476.7,-0.4685382817531845,18365.31,1,30.0,7.0,1,0,-0.5348428545247115,14,C,0
295,46,Feminino,Chile,Graduação,605.0,Premium,33627.74,-0.29662236961282373,120191.14,4,23.0,12.5,1,0,1.1847555034110568,25,B,0
296,33,Masculino,Argentina,Doutorado,548.0,Corrente,69116.52,-0.008169131169295888,21687.24,2,23.0,15.1,1,1,0.05197172671550086,71,A,0
297,52,Feminino,Brasil,Graduação,638.0,Poupança,2603.59,-0.5487870407414952,34440.76,2,26.0,4.3,1,0,0.013144788559767907,79,B,0
298,45,Feminino,Argentina,,,Corrente,,-0.32696098812307717,,1,17.0,2.2,1,1,-0.8027776748685957,44,B,0
299,51,Masculino,Brasil,Doutorado,573.0,Poupança,43116.39,-0.21949850621269612,72231.19,1,25.0,7.7,1,0,0.6752124304135045,46,B,0
300,49,Masculino,Brasil,Ensino Médio,532.0,Premium,100663.08,0.2482416948369251,25212.5,4,21.0,1.4,1,1,-1.005107500838015,13,A,0
301,32,Feminino,Colombia,Graduação,636.0,Corrente,83402.13,0.10794448185547546,73828.01,1,25.0,4.2,1,1,0.4549055288446821,62,A,0
302,35,Feminino,Chile,Graduação,572.0,Poupança,73063.6,0.02391278340752755,58329.93,1,34.0,2.2,1,0,0.4822293600551622,19,C,0
303,50,Feminino,Brasil,Ensino Médio,731.0,Poupança,13905.94,-0.4569214015303922,198753.64,2,24.0,5.3,1,1,-0.4125150493235687,12,B,0
304,49,Feminino,Chile,Pós-Graduação,686.0,Corrente,3679.0,-0.540046095091784,62465.16,1,30.0,1.4,0,1,0.3176520811831798,90,A,0
305,41,Masculino,Colombia,Ensino Médio,643.0,Poupança,22659.55,-0.3857719522517286,45037.69,3,18.0,1.1,0,1,0.1856695590444871,48,B,0
306,43,Masculino,Argentina,Ensino Médio,578.0,Premium,120808.05,0.41198025769672797,29322.16,2,26.0,12.5,0,0,-0.039360624810149646,33,B,0
307,57,Masculino,Argentina,Ensino Médio,684.0,Poupança,,1.001426306756767,,1,29.0,0.5,0,1,0.012943980145232497,79,C,0
308,34,Feminino,Argentina,Pós-Graduação,712.0,Corrente,,0.12248988489058202,,1,18.0,3.5,0,0,0.06178182319352129,37,B,0
309,48,Masculino,Brasil,Graduação,662.0,Corrente,60791.73,-0.07583312623653393,111598.1,1,21.0,1.2,1,0,0.12991167267204817,6,A,0
310,39,Feminino,Brasil,Graduação,794.0,Corrente,57272.03,-0.10444129093956643,49552.2,3,37.0,0.2,1,1,0.06024203134370657,89,C,0
311,39,Feminino,Argentina,Graduação,691.0,Corrente,18632.4,-0.4185046767691072,68813.02,2,26.0,0.2,1,0,-1.1038641902121418,81,C,0
312,55,Feminino,Brasil,Graduação,732.0,Poupança,31067.81,-0.31742951200229835,121606.85,1,23.0,1.0,1,1,-0.15221095100560478,43,B,0
313,51,Masculino,Brasil,Graduação,662.0,Corrente,269112.14,1.617397717381744,11907.47,1,27.0,10.1,1,1,0.2649486011968721,50,B,1
314,51,Feminino,Brasil,Graduação,710.0,Corrente,11718.57,-0.47470037167741386,105590.56,2,28.0,1.7,0,1,0.09728872853929155,46,A,0
315,57,Masculino,Brasil,Ensino Médio,578.0,Corrente,252138.68,1.479437226640961,50677.54,2,25.0,15.0,1,0,0.9537502593951385,73,B,0
316,42,Masculino,Colombia,Graduação,608.0,Corrente,24675.5,-0.3693862859639546,63642.01,1,25.0,4.4,1,1,0.6200865894994544,28,A,0
317,50,Masculino,Argentina,Ensino Médio,681.0,Poupança,178174.47,0.8782552219787224,29820.7,1,29.0,2.9,1,1,-0.8704095350531359,99,B,0
318,38,Feminino,Brasil,Ensino Médio,680.0,Poupança,6713.14,-0.5153845680150279,31161.09,1,24.0,4.3,0,0,-0.16662710805439485,67,A,1
319,45,Masculino,Colombia,Pós-Graduação,695.0,Corrente,73356.4,0.026292665393221667,65729.79,2,18.0,3.6,1,0,-0.3113366534471879,11,B,0
320,40,Feminino,Chile,Graduação,749.0,Corrente,15001.06,-0.44802025275930807,204998.65,4,32.0,7.1,1,1,-0.004348486627184031,20,C,0
321,43,Masculino,Brasil,Graduação,521.0,Corrente,6645.39,-0.5159352408447094,89499.47,1,22.0,1.7,0,1,-0.002981399838699799,87,A,0
322,49,Masculino,Chile,Graduação,562.0,Corrente,47204.33,-0.18627167983086965,104748.11,2,18.0,2.2,1,1,0.6115216692398487,30,C,0
323,32,Masculino,Brasil,Graduação,670.0,Corrente,121949.97,0.42126179744093534,43686.71,1,31.0,11.2,0,1,0.17732836314114375,36,C,0
324,67,Feminino,Brasil,Graduação,584.0,Poupança,13174.92,-0.46286314104262644,34196.46,1,26.0,14.6,1,0,1.2305450052085505,76,C,0
325,29,Feminino,Brasil,,,Corrente,,-0.5210996985458373,,1,,11.2,1,0,0.24100313766236015,99,C,0
326,27,Feminino,Argentina,Graduação,696.0,Premium,32525.71,-0.3055796829485293,36571.91,3,16.0,2.7,1,0,-0.8305905203372766,98,A,0
327,55,Feminino,Brasil,Doutorado,642.0,Corrente,32698.28,-0.3041770318751985,14304.52,2,22.0,7.6,0,1,-0.46728062016821964,68,B,0
328,51,Feminino,Argentina,Doutorado,603.0,Corrente,70121.42,-1.291663066049281e-06,2371556.2556894766,2,31.0,3.2,0,0,0.6037890707317585,88,C,0
329,49,Masculino,Argentina,Graduação,606.0,Poupança,113494.93,0.35253912877862664,35023.98,1,34.0,3.4,1,0,-1.6141682645056854,36,B,0
330,49,Feminino,Brasil,Pós-Graduação,652.0,Poupança,33816.42,-0.2950887762622063,44125.15,1,28.0,1.1,0,0,-1.3458804147600452,58,A,1
331,41,Feminino,Brasil,Graduação,660.0,Poupança,336584.32,2.1658124227011326,53053.18,1,24.0,4.5,1,1,0.010697207125230437,28,B,0
332,31,Masculino,Brasil,Graduação,608.0,Premium,47528.35,-0.18363804130284836,60929.36,2,33.0,1.0,1,1,0.9509221185211658,39,A,0
333,42,Feminino,Brasil,Ensino Médio,625.0,Corrente,23963.53,-0.3751731868428983,48583.77,1,22.0,2.0,1,0,1.3070354319548776,66,B,0
334,33,Feminino,Argentina,Graduação,770.0,Poupança,5250.71,-0.5272712169642723,34583.58,2,21.0,9.7,0,1,-0.21710574702177146,43,A,0
335,53,Feminino,Brasil,Pós-Graduação,774.0,Corrente,26497.58,-0.35457639741035585,15092.98,1,26.0,1.2,1,0,1.060828686985884,5,A,1
336,40,Feminino,Brasil,Pós-Graduação,672.0,Poupança,24253.97,-0.37281248696610514,34711.1,1,15.0,0.4,1,0,0.07226790976889787,92,B,0
337,32,Masculino,Brasil,Pós-Graduação,529.0,Corrente,114963.02,0.36447178227718485,27351.58,2,28.0,0.4,1,0,-1.5314149822432306,13,C,1
338,38,Feminino,Argentina,Ensino Médio,698.0,Corrente,63258.22,-0.055785465311346406,64837.54,1,24.0,14.1,1,0,-0.008076536478369603,9,C,0
339,46,Masculino,Chile,Graduação,789.0,Poupança,8819.82,-0.4982614471761539,84590.09,1,23.0,3.5,1,0,-0.6189081246215511,94,B,0
340,35,Feminino,Colombia,Ensino Médio,773.0,Corrente,44654.27,-0.20699859873947413,86089.49,1,32.0,2.6,0,1,0.9182308804777409,57,C,0
341,32,Feminino,Chile,Graduação,716.0,Corrente,81294.81,0.09081615908876393,77201.31,2,20.0,8.3,0,1,-0.025675260354486758,27,C,0
342,44,Feminino,Brasil,Graduação,778.0,Corrente,227211.74,1.2768307530600853,45246.68,2,28.0,9.0,1,1,-1.2779131065564704,61,A,0
343,44,Masculino,Brasil,Graduação,654.0,Poupança,105345.93,0.28630395698415223,35840.24,1,30.0,2.0,0,1,-1.4997148109085592,77,B,0
344,35,Masculino,Argentina,Graduação,706.0,Premium,90491.93,0.16557046307874998,31311.43,2,29.0,5.9,1,1,-0.02097995741445105,50,C,0
345,36,Masculino,Colombia,Graduação,588.0,Poupança,39030.68,-0.2527072071272135,,1,28.0,7.4,1,0,-2.4202174714597056,92,C,0
346,44,Masculino,Brasil,Graduação,676.0,Poupança,57871.16,-0.09957155496248657,88886.2,1,31.0,5.3,1,1,-0.5181652898279008,82,C,0
347,24,Feminino,Brasil,Ensino Médio,769.0,Poupança,162658.12,0.7521381391620341,44142.28,1,19.0,0.8,0,1,0.23103032574284177,34,B,0
348,25,Feminino,Brasil,Pós-Graduação,596.0,Corrente,7336.87,-0.5103148829366909,23206.69,3,33.0,10.4,1,1,-1.057016504055358,85,C,0
349,33,Feminino,Argentina,Ensino Médio,572.0,Corrente,23877.04,-0.3758761786220741,29854.93,1,31.0,3.9,1,0,0.9939871569053297,65,C,0
350,39,Feminino,Brasil,Ensino Médio,658.0,Poupança,14370.28,-0.45314724032398085,29138.51,1,19.0,1.7,0,0,1.191006549750692,45,C,0
351,45,Masculino,Brasil,Pós-Graduação,629.0,Corrente,57238.6,-0.10471301038895768,50302.73,1,22.0,2.8,0,1,-1.0167009527519517,87,A,0
352,59,Masculino,Chile,Doutorado,708.0,Corrente,158937.55,0.7218973006391026,93011.71,1,17.0,0.2,1,1,-0.29804417419648666,34,B,0
353,52,Masculino,Brasil,,609.0,Corrente,,-0.42575039328600306,,2,24.0,0.7,1,0,0.9946931513214714,73,C,0
354,40,Feminino,Brasil,,,Poupança,,-0.5531856771287839,,1,,7.3,0,1,-0.0013075342550890683,8,A,0
355,41,Feminino,Brasil,Ensino Médio,533.0,Corrente,22144.29,-0.3899599918417177,,1,27.0,0.0,0,0,-1.3944785780990199,94,B,0
356,29,Feminino,Brasil,Doutorado,762.0,Poupança,108680.59,0.31340811430114357,44635.45,2,25.0,2.7,0,1,-0.14332106856435312,48,A,0
357,41,Masculino,Brasil,Pós-Graduação,581.0,Poupança,69227.67,-0.0072657026081282055,42832.3,1,30.0,3.7,1,0,-0.8529283222958393,36,A,0
358,38,Masculino,Brasil,Graduação,488.0,Poupança,60707.56,-0.0765172610272986,4209167.979411555,2,21.0,0.3,1,0,1.1081978964258854,82,B,0
359,45,Feminino,Brasil,Ensino Médio,671.0,Premium,25952.11,-0.35900998425030334,55852.16,2,22.0,18.1,1,0,0.6059320943245888,66,C,0
360,32,Masculino,Argentina,Ensino Médio,627.0,Corrente,7825.66,-0.5063419918308594,51005.29,1,25.0,1.3,1,0,-0.31375694526562803,11,C,0
361,48,Feminino,Argentina,Ensino Médio,550.0,Poupança,67396.82,-0.02214687382912623,48295.89,2,35.0,1.8,1,0,0.14214801253004053,52,A,0
362,60,Masculino,Brasil,,,Premium,,-0.46148454888554447,2267681.5740491236,1,,1.8,1,1,-1.3081215769724863,36,B,0
363,40,Masculino,Brasil,Ensino Médio,649.0,Poupança,499276.87,3.4881794614704447,37877.04,2,22.0,1.3,0,1,-0.7537774585576116,95,B,0
364,46,Feminino,Chile,Doutorado,737.0,Poupança,72013.48,0.015377395187523362,36608.97,1,25.0,0.0,1,0,1.553279187692493,31,C,0
365,50,Masculino,Brasil,Ensino Médio,702.0,Corrente,18091.94,-0.42289754226770104,112204.01,1,25.0,6.5,0,1,0.05351465257966726,24,A,0
366,37,Feminino,Brasil,Pós-Graduação,655.0,Poupança,17436.79,-0.4282226094908143,68570.2,2,23.0,17.0,1,0,0.930085804791365,21,C,0
367,44,Feminino,Brasil,Ensino Médio,693.0,Corrente,,-0.3059282121136473,,3,19.0,1.3,0,0,0.23201308840802834,96,B,0
368,42,Masculino,Argentina,Graduação,647.0,Premium,27244.25,-0.34850745450646825,102299.77,4,29.0,5.4,0,0,1.3142818430295244,30,B,0
369,43,Feminino,Brasil,,,Poupança,,0.5575549890296503,,2,,6.8,0,0,-1.9988375325992198,72,C,0
370,32,Feminino,Argentina,Pós-Graduação,522.0,Premium,45419.62,-0.200777824566827,85565.14,1,26.0,9.4,1,1,-0.18821758401900646,97,C,0
371,42,Masculino,Argentina,Graduação,631.0,Poupança,15093.84,-0.4472661357831035,19003.77,1,25.0,2.7,1,0,1.6447816462163891,64,B,1
372,47,Feminino,Colombia,Ensino Médio,635.0,Corrente,350995.55,2.2829470766242745,55408.72,1,25.0,1.8,1,1,0.9561734355606442,39,A,0
373,59,Feminino,Brasil,Pós-Graduação,726.0,Corrente,38529.14,-0.2567837303891844,43930.71,2,28.0,2.0,1,1,1.3253722587901913,1,B,0
374,53,Masculino,Argentina,Graduação,718.0,Premium,91364.07,0.17265922767917136,134136.13,1,29.0,6.2,1,1,-0.006764593656490827,97,A,0
375,67,Feminino,Brasil,,,Corrente,,-0.42768437251986946,,3,,8.5,1,1,-0.5371064154133834,42,C,0
376,32,Feminino,Brasil,Pós-Graduação,624.0,Corrente,56147.57,-0.11358091558995478,33581.58,1,24.0,1.0,0,1,-1.0271644596879284,77,C,0
377,52,Feminino,Brasil,Pós-Graduação,525.0,Poupança,52750.68,-0.14119087910902856,61308.67,1,25.0,2.3,1,1,-1.0969280916615103,86,A,0
378,44,Feminino,Brasil,Ensino Médio,687.0,Corrente,3760.93,-0.539380167048451,54209.36,1,36.0,11.6,0,1,0.8070605622085191,5,B,0
379,68,Masculino,Chile,Ensino Médio,697.0,Poupança,407717.63,2.743984837495538,4610630.559976373,3,23.0,8.2,1,0,0.513211050420852,12,B,0
380,32,Masculino,Brasil,Doutorado,435.0,Corrente,170889.66,0.8190441970873118,26600.75,2,22.0,21.0,1,1,-0.06657344933036004,29,A,0
381,31,Masculino,Brasil,Graduação,574.0,Poupança,22547.19,-0.3866852157077143,60840.43,2,32.0,7.0,1,1,0.5081906548516807,3,A,0
382,34,Masculino,Brasil,Ensino Médio,587.0,Premium,9674.77,-0.4913124031062452,42749.35,1,22.0,2.5,0,1,0.14245175905206084,61,A,0
383,18,Feminino,Argentina,,660.0,Corrente,,-0.1220199055847187,,3,24.0,4.5,1,0,0.9622177013994835,51,A,0
384,35,Feminino,Brasil,,,Corrente,,-0.24241291705712667,,1,,5.4,1,0,0.9526867549081701,36,B,0
385,32,Masculino,Chile,Pós-Graduação,646.0,Corrente,55648.07,-0.11764085770694337,34508.54,3,23.0,0.4,1,0,-1.0658741004848424,75,C,1
386,43,Feminino,Chile,Pós-Graduação,631.0,Premium,45701.8,-0.19848426207118766,99141.68,2,23.0,3.9,1,1,0.2736459874697901,90,B,0
387,46,Feminino,Chile,Pós-Graduação,635.0,Corrente,66668.59,-0.028065936187193576,26083.85,1,20.0,6.2,1,0,-1.6688667501940821,2,A,0
388,64,Feminino,Brasil,Graduação,585.0,Corrente,206234.02,1.10632358800224,27264.68,2,25.0,0.9,1,0,0.13302073809059622,29,B,0
389,53,Feminino,Argentina,Graduação,592.0,Poupança,71806.04,0.013691320327166762,47526.9,2,29.0,7.6,0,0,0.6043042797015853,41,A,0
390,35,Feminino,Brasil,Graduação,552.0,Corrente,10305.3,-0.48618744754463394,30849.19,1,32.0,4.4,1,0,-1.3137193447931608,29,A,0
391,31,Masculino,Chile,Graduação,684.0,Premium,186292.9,0.9442419204388297,28824.55,3,34.0,15.2,1,0,-0.4164627354608322,64,A,0
392,47,Masculino,Argentina,Ensino Médio,701.0,Premium,260078.16,1.5439694173096068,52210.85,1,25.0,0.2,1,1,0.009526377219802219,58,A,1
393,26,Feminino,Brasil,Graduação,580.0,Poupança,1595133.65,12.395316789417377,19869.88,1,17.0,1.5,1,0,0.2339149163733896,83,B,0
394,63,Masculino,Argentina,Graduação,786.0,Poupança,,-0.49328994848575136,,1,20.0,4.6,1,1,-0.2786037032248349,10,A,0
395,56,Feminino,Brasil,Graduação,621.0,Corrente,48603.87,-0.17489620157179014,,1,33.0,1.8,1,1,-1.172288152404672,11,B,1
396,36,Feminino,Brasil,Pós-Graduação,787.0,Poupança,2985.38,-0.5456838469460095,64581.61,2,29.0,6.3,0,1,-0.05400720191925828,7,B,0
397,21,Feminino,Brasil,Graduação,592.0,Poupança,70528.98,0.003311361008004737,31321.56,1,27.0,7.1,1,1,-1.652243566940978,77,C,0
398,58,Masculino,Colombia,Ensino Médio,467.0,Corrente,18810.3,-0.417058703390504,63002.46,2,27.0,0.5,1,1,-0.2326414366821449,61,B,0
399,40,Masculino,Chile,Graduação,686.0,Corrente,365176.09,2.3982066794023353,68899.09,1,32.0,3.6,1,0,-0.4413736136969297,66,C,1
400,56,Masculino,Argentina,Pós-Graduação,672.0,Premium,14335.04,-0.4534336714755377,89022.88,4,26.0,3.6,0,1,-0.13426567343942075,94,C,0
401,22,Masculino,Colombia,Graduação,653.0,Corrente,4783.75,-0.5310666735627687,45419.93,2,34.0,2.3,0,0,-0.5593219774756829,86,C,0
402,34,Masculino,Brasil,Graduação,592.0,Poupança,20629.63,-0.4022711668705824,88071.0,3,21.0,13.5,1,0,-1.5076808381562004,53,B,0
403,42,Feminino,Chile,Ensino Médio,646.0,Corrente,3392.81,-0.5423722509165307,14428.09,1,29.0,8.8,1,0,-0.36634332058951224,65,C,0
404,42,Masculino,Brasil,Graduação,603.0,Corrente,89439.65,0.15701751835229402,26009.45,1,21.0,6.0,0,0,0.9308201250373191,27,A,0
405,36,Masculino,Argentina,Pós-Graduação,622.0,Poupança,3046.96,-0.5451833239518871,54085.58,1,30.0,6.3,1,0,1.2614608039888047,7,B,0
406,49,Masculino,Argentina,Pós-Graduação,725.0,Corrente,37577.06,-0.26452224828856874,59741.38,2,33.0,3.1,1,1,2.4393342787192664,65,A,0
407,29,Masculino,Brasil,Graduação,666.0,Poupança,3000.77,-0.5455587568375401,28365.55,3,25.0,12.7,1,1,1.691650408397664,58,B,0
408,40,Masculino,Brasil,Pós-Graduação,704.0,Corrente,24726.79,-0.3689694002158458,57276.86,1,24.0,5.9,0,1,-1.1969379266681042,25,C,0
409,43,Masculino,Brasil,Pós-Graduação,629.0,Corrente,260942.09,1.5509914509294864,33714.92,1,25.0,6.5,1,0,-0.40843760127265955,48,C,0
410,48,Feminino,Colombia,Doutorado,619.0,Premium,55981.55,-0.11493032818307276,41515.6,3,21.0,9.9,1,1,-0.022785634837776975,4,B,0
411,50,Masculino,Brasil,Graduação,546.0,Poupança,12884.85,-0.46522083355488847,90659.34,1,26.0,1.6,1,0,-0.08555983423369973,94,C,0
412,28,Feminino,Brasil,Graduação,616.0,Premium,34980.84,-0.28562435624245885,,2,19.0,8.2,1,0,0.06953332989622589,8,A,0
413,23,Feminino,Argentina,Graduação,351.0,Premium,37109.2,-0.26832502009808684,26950.68,2,28.0,1.1,0,1,2.4075914215475587,85,A,0
414,57,Masculino,Brasil,Ensino Médio,596.0,Premium,64033.16,-0.049486743501258035,25994.73,3,25.0,2.1,1,1,-1.0820515457923974,68,C,0
415,45,Feminino,Brasil,Graduação,642.0,Premium,7042.86,-0.5127045998172031,,1,27.0,2.0,1,0,-0.7135311362142988,60,B,0
416,33,Masculino,Argentina,Pós-Graduação,700.0,Corrente,73945.29,0.031079170524900154,48240.4,1,20.0,19.2,1,1,1.643825930089093,4,B,0
417,60,Masculino,Brasil,Pós-Graduação,625.0,Premium,1414.78,-0.558449702979928,,2,26.0,9.7,1,1,-0.6159813430848522,8,A,0
418,43,Masculino,Argentina,Pós-Graduação,681.0,Corrente,17053.97,-0.43133417513891353,91526.65,3,27.0,6.0,0,1,0.39358065033571576,90,C,0
419,56,Masculino,Brasil,Ensino Médio,453.0,Corrente,20212.8,-0.4056591662151757,60381.25,1,28.0,6.5,1,0,1.0346573698682087,93,C,0
420,42,Masculino,Brasil,Graduação,644.0,Corrente,77651.97,0.061207110957731535,3199297.072057822,1,29.0,4.1,1,0,0.4864990167320297,16,A,0
421,66,Masculino,Brasil,Ensino Médio,498.0,Corrente,37315.24,-0.26665032445487497,22927.14,2,20.0,14.7,1,0,0.19176563310249223,19,B,0
422,63,Feminino,Brasil,Ensino Médio,541.0,Poupança,6723.23,-0.5153025563714635,98752.74,3,23.0,3.4,0,0,0.9386107696939839,1,C,0
423,39,Feminino,Colombia,Pós-Graduação,633.0,Corrente,11136.78,-0.4794291679221442,9026.31,3,30.0,2.4,0,0,-0.8930685565049704,34,B,0
424,53,Masculino,Chile,Graduação,764.0,Corrente,46092.98,-0.19530474624071,80856.66,4,26.0,0.9,1,1,-0.4963631294960013,93,B,0
425,49,Masculino,Brasil,Pós-Graduação,683.0,Corrente,33028.27,-0.30149486911406725,85869.76,1,21.0,7.7,0,0,0.5356375884651636,91,A,0
426,58,Masculino,Brasil,Ensino Médio,651.0,Corrente,18125.07,-0.4226282612219837,37818.71,1,28.0,6.6,1,1,-2.069439259214251,45,B,0
427,30,Masculino,Brasil,Graduação,648.0,Poupança,20394.07,-0.4041858014353028,105213.42,2,21.0,2.4,0,0,1.4165838233446926,63,A,0
428,50,Feminino,Brasil,Graduação,585.0,Corrente,83734.1,0.11064273808085426,47199.64,3,22.0,0.1,1,1,0.3033923751977811,94,C,0
429,54,Masculino,Brasil,Ensino Médio,601.0,Corrente,19511.69,-0.4113577968811254,50891.9,1,21.0,9.1,1,1,0.1530317527811502,6,B,0
430,20,Masculino,Chile,,688.0,Corrente,,-0.3043861656302938,4313760.201998634,1,28.0,0.1,1,0,-1.6305128776410573,36,A,1
431,27,Feminino,Brasil,Ensino Médio,525.0,Corrente,490864.75,3.419805647093744,331686.31,2,17.0,6.1,1,1,-1.286609125399738,66,A,0
432,18,Feminino,Brasil,Graduação,703.0,Poupança,6578.62,-0.5164779482223898,109826.85,1,17.0,17.6,1,0,-0.39858366430086173,78,B,0
433,38,Masculino,Brasil,Doutorado,615.0,Corrente,3935.48,-0.5379614225108728,74658.43,1,17.0,2.9,1,0,0.8074298502955989,8,A,0
434,50,Feminino,Brasil,Pós-Graduação,724.0,Corrente,92995.61,0.1859204047793746,,2,32.0,1.3,1,0,-2.0766160121985853,67,C,1
435,60,Masculino,Argentina,Doutorado,736.0,Corrente,16084.77,-0.43921184460795326,53431.4,2,16.0,6.1,1,0,0.7883648007773563,99,B,0
436,42,Masculino,Brasil,Pós-Graduação,499.0,Corrente,24788.0,-0.36847188458625446,30095.34,2,25.0,8.5,1,1,-0.3600313241083667,27,C,0
437,61,Masculino,Brasil,Pós-Graduação,597.0,Premium,14222.95,-0.4543447403682169,80279.25,1,26.0,4.0,1,1,-0.22342347274165192,34,A,0
438,25,Masculino,Brasil,Graduação,573.0,Corrente,26588.65,-0.3538361793350923,53331.38,2,27.0,17.1,1,0,0.2535929416908065,28,C,0
439,21,Feminino,Chile,Graduação,486.0,Poupança,247272.37,1.4398837993670417,24966.42,2,12.0,0.3,1,1,0.2693172378464116,31,A,0
440,41,Masculino,Brasil,Graduação,557.0,Poupança,95087.63,0.2029243689587189,51465.9,2,18.0,3.5,0,1,-0.7124285899365972,17,A,0
441,46,Masculino,Chile,Pós-Graduação,869.0,Corrente,102198.08,0.260718193634878,29447.06,2,26.0,6.3,0,0,0.6249100884688427,83,C,0
442,41,Masculino,Brasil,Ensino Médio,704.0,Premium,6637.74,-0.5159974201383931,53676.46,1,34.0,9.9,0,0,-2.3193981398964385,55,B,0
443,18,Masculino,Chile,Ensino Médio,822.0,Poupança,9123.56,-0.49579264473648604,29276.89,1,27.0,1.0,0,0,-0.45041888656765466,75,B,0
444,40,Feminino,Argentina,Pós-Graduação,724.0,Poupança,1203.64,-0.5601658514855956,49835.98,1,30.0,8.0,1,1,0.15368176317690393,9,B,0
445,26,Masculino,Brasil,Ensino Médio,583.0,Corrente,13749.3,-0.4581945733686406,76901.6,1,31.0,4.0,1,0,-0.34494931521447475,94,C,0
446,50,Masculino,Chile,Doutorado,615.0,Poupança,114467.23,0.3604419950856297,47484.98,2,32.0,2.5,1,0,-1.8269103039659818,57,C,0
447,46,Feminino,Argentina,Pós-Graduação,702.0,Corrente,67530.58,-0.021059670911071433,38772.52,3,22.0,0.7,0,1,0.7580273787604709,45,C,1
448,30,Masculino,Brasil,Graduação,689.0,Corrente,27838.75,-0.34367535122608844,55379.55,2,30.0,10.0,1,1,-1.2483878121270522,6,C,0
449,35,Masculino,Brasil,Graduação,598.0,Poupança,35356.58,-0.2825703369210628,74481.76,2,21.0,0.9,1,0,-0.06751400752828958,14,B,0
450,29,Masculino,Argentina,Pós-Graduação,514.0,Premium,15888.29,-0.44080883645409125,25227.5,1,26.0,1.9,1,1,0.15303459706762285,31,B,0
451,41,Masculino,Argentina,,,Corrente,,-0.19256186722809945,,1,,1.7,1,1,0.019827153765367127,54,A,0
452,53,Masculino,Argentina,Pós-Graduação,637.0,Poupança,91039.97,0.17002493891017031,108068.92,1,33.0,10.3,1,0,1.1690109258638153,11,C,0
453,30,Masculino,Argentina,Pós-Graduação,620.0,Poupança,5223.57,-0.5274918112166348,69161.12,1,24.0,5.6,1,1,-0.05326255999368678,69,B,0
454,48,Feminino,Argentina,Ensino Médio,660.0,Corrente,2705705.9559009597,-0.1470479247336571,50749.27,1,25.0,8.0,0,0,0.42745540469694027,95,B,0
455,35,Feminino,Argentina,Ensino Médio,628.0,Corrente,111181.79,0.33373789853139746,71958.33,2,25.0,1.4,1,0,-0.055904033151241074,2,B,0
456,32,Feminino,Brasil,Ensino Médio,661.0,Corrente,22067.91,-0.39058080941708423,64311.77,4,25.0,4.9,1,0,0.6129560841662747,17,B,0
457,40,Feminino,Brasil,Ensino Médio,765.0,Poupança,84190.78,0.1143546387134595,77046.21,1,20.0,4.2,1,0,1.3934952970475232,36,B,0
458,29,Masculino,Chile,Ensino Médio,638.0,Poupança,1064041.91,8.078596622829288,14554.29,1,29.0,8.9,0,0,0.1375418294721938,3,B,0
459,35,Feminino,Brasil,Pós-Graduação,545.0,Corrente,32041.55,-0.3095149413576608,19301.27,2,27.0,11.8,0,0,0.7818503575829996,63,C,0
460,27,Masculino,Brasil,Graduação,635.0,Poupança,58219.08,-0.09674365694178054,89580.91,1,28.0,0.1,1,1,1.4553289348821974,43,A,0
461,65,Masculino,Argentina,Pós-Graduação,608.0,Poupança,14977.91,-0.44820841624280805,19867.34,3,23.0,5.6,1,1,1.3571842469742714,93,A,0
462,42,Masculino,Brasil,Graduação,778.0,Poupança,45138.98,-0.2030588699236071,62375.21,2,27.0,0.3,1,0,-0.3852894036112106,33,C,0
463,33,Masculino,Brasil,Graduação,755.0,Corrente,63090.53,-0.05714845168491563,,3,19.0,4.0,1,0,1.0364323557451673,78,B,0
464,44,Feminino,Brasil,Graduação,659.0,Poupança,45881.2,-0.19702609667421525,26964.77,1,27.0,1.7,1,1,0.24877116004719282,29,C,0
465,40,Masculino,Argentina,Pós-Graduação,534.0,Premium,,-0.4831212362048687,,2,21.0,1.8,0,0,1.1172299977339137,23,B,0
466,39,Masculino,Colombia,Graduação,539.0,Corrente,46519.84,-0.19183522293328714,55305.08,2,28.0,2.2,1,0,0.5686345835629499,59,B,1
467,49,Masculino,Brasil,Graduação,651.0,Corrente,209952.19,1.1365449192957804,173894.76,2,20.0,4.9,0,1,0.27566807603618804,81,B,0
468,51,Masculino,Brasil,Pós-Graduação,680.0,Poupança,62215.72,-0.0642589180780343,33695.29,1,25.0,2.0,1,1,0.43397208034635437,49,B,0
469,35,Masculino,Brasil,Graduação,616.0,Corrente,115195.35,0.36636016336234994,116316.02,1,22.0,6.6,1,1,0.2552379560389313,55,B,0
470,35,Masculino,Brasil,Ensino Médio,606.0,Premium,27325.77,-0.3478448589481561,60563.87,2,19.0,2.6,0,1,0.2943330451365102,75,C,0
471,38,Masculino,Brasil,Graduação,596.0,Corrente,89311.03,0.15597209341718482,32971.11,2,30.0,0.4,1,0,-0.1588323605819089,28,C,0
472,18,Feminino,Brasil,Pós-Graduação,647.0,Corrente,50773.07,-0.1572649174072824,79185.45,3,18.0,7.7,1,1,-0.25172434060751725,71,A,0
473,23,Masculino,Brasil,Ensino Médio,435.0,Corrente,11601.7,-0.47565029246863,68833.31,2,33.0,1.7,0,0,1.7631749293726693,72,B,0
474,58,Masculino,Brasil,Graduação,550.0,Corrente,53221.9,-0.13736079717836316,50086.46,2,27.0,2.8,0,0,0.477527911111184,93,C,0
475,61,Feminino,Brasil,Graduação,593.0,Corrente,11047.55,-0.48015443045487466,57513.63,1,26.0,5.8,1,1,-0.5733049222313997,25,C,0
476,39,Feminino,Argentina,Pós-Graduação,758.0,Poupança,16992.78,-0.43183152820826,34262.54,2,28.0,2.0,1,1,-0.27741743142964365,7,B,0
477,48,Masculino,Chile,Graduação,576.0,Corrente,45578.62,-0.19948547061967747,29867.55,2,39.0,0.3,1,0,1.056258453447951,86,B,0
478,45,Masculino,Colombia,Graduação,666.0,Premium,51880.23,-0.14826590736875367,77316.7,3,28.0,2.3,1,0,-0.7361867100886195,73,C,0
479,78,Feminino,Argentina,,,Poupança,,-0.4991048910069445,,3,20.0,14.5,1,1,-1.4820276818110107,75,B,0
480,55,Masculino,Brasil,Graduação,766.0,Corrente,128641.27,0.47564876578408993,46721.06,1,25.0,5.1,1,1,-1.4084491406020445,34,C,0
481,40,Masculino,Argentina,Pós-Graduação,763.0,Corrente,72143.14,0.016431273255368715,57982.29,3,31.0,5.6,1,1,-1.7289756002047878,91,A,0
482,30,Masculino,Brasil,Graduação,644.0,Poupança,15589.08,-0.4432408189982837,57478.89,1,30.0,5.0,1,0,-1.298814858264458,22,B,0
483,22,Feminino,Argentina,Pós-Graduação,607.0,Corrente,5738.19,-0.5233089735544832,20793.67,1,29.0,1.1,1,1,-1.1808659398008103,67,A,0
484,44,Feminino,Argentina,Pós-Graduação,590.0,Corrente,30519.3,-0.3218878079994743,106059.05,2,31.0,2.7,1,1,1.3852373796081388,50,A,0
485,32,Feminino,Argentina,Pós-Graduação,628.0,Premium,21266.06,-0.3970982560367185,52717.84,1,26.0,7.0,0,1,-0.0461792126592684,48,A,0
486,24,Masculino,Colombia,Graduação,610.0,Corrente,41596.39,-0.23185308482695569,43408.39,2,25.0,0.5,0,0,-0.3632635391367173,72,B,1
487,34,Masculino,Argentina,Doutorado,699.0,Corrente,23488.35,-0.3790354557020587,63481.74,1,19.0,1.6,0,0,-1.4434130630185737,70,A,1
488,29,Masculino,Argentina,Ensino Médio,687.0,Poupança,3265.12,-0.543410116800251,56496.01,1,28.0,1.6,1,0,-0.14312639747134004,57,C,1
489,62,Feminino,Brasil,Pós-Graduação,703.0,Poupança,22787.87,-0.3847289657202933,77671.03,2,35.0,2.8,1,0,-1.7373280625641925,25,C,0
490,52,Feminino,Colombia,Graduação,763.0,Corrente,25166.2,-0.3653978703547328,67696.53,2,26.0,19.7,1,0,-0.3694171712863648,66,B,0
491,41,Masculino,Brasil,Pós-Graduação,817.0,Poupança,77683.12,0.06146029853920135,75410.95,3,32.0,0.3,1,1,2.064494389843675,16,B,0
492,59,Feminino,Chile,Graduação,661.0,Poupança,15711.69,-0.44224424341677426,110259.98,2,28.0,3.7,1,0,0.663803578706365,58,A,0
493,42,Masculino,Brasil,Pós-Graduação,748.0,Poupança,272231.91,1.6427552461471442,83297.58,2,30.0,1.0,1,1,-0.20979816035453064,41,B,1
494,31,Masculino,Brasil,Pós-Graduação,618.0,Corrente,3662.98,-0.5401763058479686,44520.64,1,25.0,17.6,0,0,0.6981236054063564,51,C,0
495,60,Feminino,Chile,Pós-Graduação,756.0,Premium,,0.8536765193467551,,1,22.0,0.6,1,0,-0.5215431781275682,21,C,0
496,48,Masculino,Brasil,Pós-Graduação,745.0,Corrente,27745.18,-0.34443588933196756,133342.83,1,23.0,2.6,1,1,-0.8006777428791878,79,C,0
497,29,Masculino,Chile,Ensino Médio,740.0,Poupança,101875.0,0.25809219543836814,42504.53,2,44.0,6.7,0,0,1.7041296295328423,56,B,0
498,39,Masculino,Brasil,Ensino Médio,658.0,Corrente,39965.1,-0.24511222992409745,36906.23,2,34.0,6.1,1,0,-1.1422746539202735,98,C,0
499,31,Feminino,Chile,Doutorado,589.0,Poupança,142552.64,0.5887205515058347,17291.39,1,27.0,2.7,1,0,-0.35412123567735054,47,B,0
500,25,Feminino,Argentina,Graduação,524.0,Corrente,22814.82,-0.38450991579025756,60059.07,2,23.0,2.1,0,1,0.3060332823635102,43,A,0
501,53,Feminino,Argentina,Graduação,646.0,Corrente,9717.23,-0.4909672877062706,53601.48,2,24.0,2.5,1,1,-0.9362342057574482,84,C,0
502,64,Feminino,Brasil,Graduação,787.0,Poupança,199706.72,1.053269613667466,19750.44,1,18.0,1.5,1,1,0.6506049536314097,31,A,0
503,25,Feminino,Brasil,Ensino Médio,622.0,Corrente,31692.12,-0.31235511267685867,64341.78,1,24.0,1.1,1,1,-0.30659452464225245,15,C,1
504,48,Masculino,Chile,Graduação,720.0,Corrente,47375.96,-0.18487666908905034,36354.92,3,27.0,3.3,1,0,0.6639103275668566,48,C,1
505,34,Feminino,Brasil,Graduação,725.0,Poupança,159803.83,0.728938435087761,246271.29,2,25.0,1.6,1,1,0.5859841797505183,62,C,0
506,36,Feminino,Brasil,Ensino Médio,624.0,Poupança,10526.53,-0.484389287395402,34835.19,3,22.0,1.7,1,1,-0.2430121306258299,92,A,0
507,34,Feminino,Argentina,Ensino Médio,768.0,Corrente,74205.17,0.033191478347448726,37755.41,1,32.0,5.3,0,1,1.7106586725909851,70,C,0
508,31,Feminino,Brasil,,,Corrente,,-0.4245201373524147,,4,,17.3,1,1,-0.6653358034334415,3,A,0
509,42,Feminino,Brasil,Graduação,539.0,Premium,30989.28,-0.31806780480399427,105527.4,1,21.0,4.6,0,1,1.348870470548737,38,B,0
510,32,Masculino,Brasil,Ensino Médio,567.0,Poupança,39605.95,-0.24803140552232858,39196.18,1,33.0,0.4,1,0,1.1749332426280408,87,C,0
511,45,Masculino,Brasil,Graduação,576.0,Corrente,6001.31,-0.5211703309722571,31731.07,4,33.0,0.4,0,1,1.77088220766044,58,C,0
512,41,Feminino,Chile,Pós-Graduação,680.0,Poupança,14262.59,-0.45402254596277664,74919.76,1,37.0,15.1,1,1,0.17405603934302077,67,A,0
513,39,Feminino,Brasil,Graduação,676.0,Poupança,183741.93,0.9235076050390812,21413.74,2,28.0,1.8,1,1,-0.7885857119279899,45,C,1
514,31,Feminino,Colombia,Pós-Graduação,685.0,Corrente,105180.1,0.2849560887133611,71329.58,1,25.0,0.5,1,1,2.076796585329547,44,B,1
515,35,Masculino,Brasil,Pós-Graduação,703.0,Corrente,33685.83,-0.2961502133814406,142748.53,2,28.0,4.6,0,1,-0.3347014679763642,8,C,0
516,51,Masculino,Brasil,Ensino Médio,564.0,Corrente,48617.95,-0.17478175915936336,68869.23,3,26.0,4.9,1,1,-0.8135425727055355,66,B,0
517,48,Feminino,Brasil,Ensino Médio,540.0,Premium,25512.12,-0.3625862283585192,71878.97,1,37.0,5.2,0,0,-0.1897867459048128,71,B,0
518,30,Feminino,Brasil,Graduação,685.0,Corrente,184960.96,0.933415895807595,82622.4,2,20.0,1.6,1,0,-0.9816907161570776,61,C,0
519,43,Feminino,Argentina,Graduação,593.0,Corrente,28554.7,-0.33785610085840484,136738.39,1,24.0,0.1,1,1,0.5261488251233458,17,C,1
520,51,Masculino,Chile,Graduação,508.0,Premium,47964.22,-0.18009528460508697,101309.59,2,25.0,16.8,1,1,-0.6056683817585125,71,B,0
521,21,Feminino,Brasil,Graduação,737.0,Corrente,143664.52,0.5977579257621654,63818.72,1,28.0,1.4,1,1,-0.28748416990487213,97,B,0
522,48,Feminino,Argentina,Graduação,775.0,Poupança,14287.7,-0.45381845157527395,84316.67,1,17.0,5.6,1,1,0.9677788616649623,36,B,0
523,34,Feminino,Brasil,Ensino Médio,790.0,Corrente,235754.67,1.3462677927187148,28808.88,1,19.0,6.1,0,1,0.6236932101761915,68,C,1
524,48,Masculino,Brasil,Doutorado,666.0,Poupança,5787.45,-0.5229085876712344,78102.41,1,21.0,4.7,1,0,0.015584572569658653,80,A,0
525,32,Masculino,Brasil,Ensino Médio,706.0,Corrente,256676.18,1.5163180822081996,26813.65,3,23.0,1.9,1,0,0.17087352874698206,21,C,0
526,20,Feminino,Chile,Pós-Graduação,773.0,Corrente,23220.47,-0.381212787622577,39331.72,1,18.0,1.6,1,1,0.01225543063154155,82,A,0
527,22,Masculino,Brasil,Ensino Médio,592.0,Poupança,27139.93,-0.3493553687439943,,1,19.0,4.6,1,0,-0.43115506641736445,46,A,0
528,42,Masculino,Chile,Ensino Médio,749.0,Poupança,3759.3,-0.5393934157084123,62371.13,1,33.0,10.1,0,1,-0.002526660847787268,46,C,0
529,45,Masculino,Brasil,Ensino Médio,674.0,Poupança,21041.38,-0.3989244578281999,33312.13,1,25.0,14.7,1,1,0.4908416254929437,92,A,0
530,31,Feminino,Brasil,Doutorado,732.0,Poupança,,-0.4851916034842267,,2,25.0,0.6,1,0,-0.1261621289788396,16,B,1
531,49,Masculino,Brasil,Ensino Médio,666.0,Poupança,,-0.427585292050588,,4,26.0,0.8,1,1,0.41976763023027386,22,C,0
532,22,Masculino,Chile,Graduação,766.0,Poupança,30798.67,-0.31961708521824694,96226.26,1,18.0,14.5,1,1,-0.8366687784230472,6,A,0
533,41,Feminino,Argentina,Pós-Graduação,670.0,Poupança,114616.83,0.36165794571766474,25587.06,3,24.0,6.7,1,0,-0.6038936511457048,94,B,0
534,27,Feminino,Brasil,Graduação,516.0,Poupança,46589.2,-0.19127146400388909,91402.82,2,30.0,10.7,1,0,-0.7343205032739754,56,A,0
535,34,Masculino,Chile,Graduação,780.0,Poupança,52533.8,-0.14295368240498946,173427.31,1,17.0,1.1,1,1,-0.5651313717924064,45,A,0
536,42,Masculino,Brasil,Doutorado,564.0,Poupança,9753.45,-0.4906728911027124,77535.8,2,30.0,4.4,1,0,1.2871810467060911,58,B,0
537,31,Feminino,Chile,Pós-Graduação,762.0,Corrente,12620.72,-0.4673676854294834,78763.85,2,26.0,6.0,0,0,0.7260387931103602,28,B,0
538,37,Masculino,Chile,Graduação,641.0,Corrente,314415.31,1.9856224379344842,54271.72,2,23.0,5.7,1,0,-1.0769231186843455,17,C,0
539,54,Feminino,Argentina,Graduação,755.0,Corrente,15029.33,-0.4477904738531073,35781.95,3,25.0,2.6,1,0,0.437498296408455,36,A,0
540,35,Masculino,Chile,Doutorado,752.0,Premium,264990.67,1.5838983587493016,77397.94,1,20.0,0.1,1,1,-0.39058231264857,12,C,0
541,52,Feminino,Brasil,Doutorado,688.0,Poupança,27128.13,-0.34945127928849967,19857.76,3,30.0,4.4,1,0,-0.6823845854715656,50,C,0
542,28,Feminino,Argentina,Graduação,695.0,Poupança,36415.34,-0.2739647226752514,38152.51,2,30.0,1.5,1,1,-1.485739465722507,59,A,0
543,48,Feminino,Brasil,Pós-Graduação,688.0,Corrente,131194.76,0.49640356377469896,16938.86,2,21.0,3.0,1,0,0.9719186938202443,12,A,0
544,59,Masculino,Brasil,Graduação,468.0,Corrente,167087.17,0.7881375118011699,32138.38,2,32.0,15.8,0,1,-1.3638631496671385,62,C,0
545,18,Feminino,Brasil,,660.0,Premium,,-0.31152906279227494,,1,32.0,2.5,1,0,-0.051963178009874454,40,B,0
546,32,Masculino,Brasil,Ensino Médio,549.0,Premium,22790.71,-0.384705882165514,66385.64,4,27.0,9.2,0,1,-0.9463112457248688,93,C,0
547,48,Feminino,Brasil,Ensino Médio,665.0,Corrente,33958.53,-0.2939337044418955,50541.41,2,25.0,1.0,1,0,0.7758439470699247,2,A,0
548,39,Masculino,Brasil,Graduação,547.0,Poupança,54477.83,-0.12715258275796382,54297.89,1,25.0,5.6,0,1,-0.33435182631395055,93,B,0
549,46,Feminino,Brasil,Graduação,543.0,Corrente,105827.37,0.29021710719997407,15811.32,1,19.0,18.9,1,1,-0.1344626555203447,94,C,0
550,34,Masculino,Brasil,Ensino Médio,794.0,Corrente,36500.3,-0.2732741667548122,39201.2,2,19.0,0.5,1,1,-0.10073426293003278,25,A,0
551,43,Feminino,Chile,Graduação,746.0,Poupança,76317.96,0.05036426134114711,32571.37,1,41.0,0.0,1,1,0.30257033493578345,85,B,0
552,40,Masculino,Brasil,Graduação,649.0,Poupança,259375.39,1.5382572941433286,33009.95,1,21.0,2.8,1,0,0.013004763983309435,86,B,0
553,56,Masculino,Argentina,Doutorado,666.0,Poupança,1711083.5412122689,-0.10350754489272025,,2,27.0,0.5,0,1,-0.043273188961116336,74,B,0
554,45,Masculino,Brasil,Pós-Graduação,627.0,Corrente,52785.06,-0.1409114380480034,29251.78,1,21.0,6.9,0,0,-0.5184019752547779,31,A,0
555,46,Masculino,Brasil,Graduação,701.0,Corrente,,-0.5222520881221069,,1,28.0,12.3,1,1,-1.574729373342093,47,C,0
556,37,Masculino,Brasil,Pós-Graduação,589.0,Corrente,1545.53,-0.5573869653787342,14013.25,1,24.0,2.8,1,1,-1.1185509595418555,60,A,1
557,36,Masculino,Brasil,Graduação,739.0,Corrente,57875.58,-0.09953562914835828,41090.25,1,20.0,1.5,1,1,0.7184797386806455,73,A,0
558,36,Feminino,Argentina,Graduação,627.0,Poupança,32409.63,-0.30652318261007083,25522.03,2,26.0,2.8,0,0,-0.30581946332629767,98,B,0
559,46,Masculino,Argentina,Doutorado,612.0,Corrente,19579.94,-0.41080306004532063,51406.6,2,29.0,6.4,1,0,-0.6640097777224797,41,C,0
560,36,Feminino,Brasil,Graduação,651.0,Corrente,48641.69,-0.17458880014863798,27704.09,1,22.0,0.0,1,0,-1.405728144418045,50,B,0
561,45,Masculino,Brasil,Graduação,596.0,Corrente,33776.33,-0.29541462827315734,52194.13,1,19.0,4.5,1,0,-1.7196471400903521,23,A,0
562,66,Feminino,Chile,Graduação,679.0,Poupança,140552.49,0.5724633078115509,44944.72,2,27.0,4.8,1,0,-0.7032068801281984,12,B,0
563,52,Masculino,Brasil,Graduação,601.0,Poupança,40268.83,-0.24264350876455199,133682.79,1,33.0,5.1,1,0,0.8880528540452571,71,A,0
564,38,Feminino,Brasil,Graduação,692.0,Poupança,14819.39,-0.44949686874407946,66060.8,1,22.0,1.4,0,1,-0.5570701936223185,96,A,0
565,56,Feminino,Argentina,Doutorado,759.0,Corrente,119157.27,0.3985626976409073,16256.0,1,24.0,6.3,0,1,0.4004855252414476,83,A,0
566,37,Masculino,Brasil,Graduação,585.0,Corrente,27985.53,-0.3424823215885878,22949.85,3,28.0,0.5,1,1,-0.6030598293979578,22,B,0
567,18,Feminino,Colombia,Pós-Graduação,638.0,Corrente,68312.23,-0.014706410138810966,50671.8,2,21.0,1.1,1,0,0.6388666960288489,56,C,0
568,29,Masculino,Argentina,Pós-Graduação,691.0,Corrente,20478.02,-0.4035034548072323,28059.74,2,23.0,10.5,0,1,-0.3517508018086691,16,B,0
569,19,Feminino,Brasil,Graduação,610.0,Corrente,16650.7,-0.4346119586374481,8258.34,2,30.0,6.7,1,1,-1.2318842455504964,58,A,0
570,37,Masculino,Brasil,Graduação,691.0,Corrente,40175.07,-0.2434055911927579,110164.26,2,21.0,0.1,1,1,-0.2689530678994436,72,B,0
571,42,Masculino,Brasil,Graduação,699.0,Poupança,36878.88,-0.270197063878637,75518.61,2,25.0,1.4,1,0,1.8340004182804073,94,A,1
572,62,Masculino,Brasil,Graduação,747.0,Premium,64588.55,-0.04497252677982803,67009.26,2,19.0,1.2,0,1,1.7898843155508546,51,C,0
573,45,Feminino,Colombia,,,Corrente,,-0.35611803749309706,,1,,1.6,1,1,0.48653330277936463,6,C,1
574,39,Masculino,Argentina,Doutorado,565.0,Poupança,4009.29,-0.537361493926979,63361.14,2,30.0,1.4,1,0,-0.1370588154137025,2,A,0
575,51,Feminino,Brasil,Pós-Graduação,622.0,Corrente,21604.81,-0.39434489188831034,32124.81,2,26.0,0.3,0,1,0.30390180209508344,62,C,0
576,18,Masculino,Brasil,Graduação,562.0,Poupança,94144.13,0.19525558940440713,55432.11,2,30.0,3.1,1,0,0.3168523387332896,98,A,0
577,44,Masculino,Brasil,Graduação,700.0,Poupança,25416.37,-0.3633644855310951,28216.16,1,28.0,6.6,1,0,-0.039886752367101534,93,B,0
578,51,Feminino,Brasil,Ensino Médio,545.0,Premium,27020.2,-0.35032853565023464,121755.85,1,22.0,4.7,1,1,0.440944019922617,42,B,0
579,24,Feminino,Argentina,Graduação,859.0,Corrente,118616.61,0.3941682065398641,19107.92,2,25.0,5.6,1,0,0.20822686215356342,43,C,0
580,55,Feminino,Argentina,Pós-Graduação,766.0,Corrente,15454.14,-0.44433761297078916,,2,21.0,0.4,1,0,-0.31597238536431355,52,C,0
581,46,Feminino,Brasil,Pós-Graduação,651.0,Corrente,5702.36,-0.5236002002332655,50178.88,3,29.0,15.1,1,0,-1.195256799383643,58,A,0
582,37,Feminino,Brasil,Graduação,728.0,Corrente,29948.74,-0.3265253266666795,36545.74,1,27.0,9.1,1,1,-0.46005924222016575,20,C,0
583,49,Feminino,Argentina,Graduação,502.0,Premium,20312.49,-0.40484888467434965,54187.3,2,21.0,8.2,1,0,0.7995188490735968,56,C,0
584,69,Masculino,Brasil,Graduação,877.0,Poupança,,-0.4773697734593185,,2,21.0,8.7,0,1,-0.03146222449536458,67,C,0
585,44,Masculino,Argentina,,,Poupança,,-0.33079521533998807,,3,,13.5,1,0,0.30028689158750516,59,A,0
586,44,Masculino,Brasil,,,Poupança,,-0.03756351849690561,,2,,3.9,1,1,-0.2830155277044124,48,B,0
587,36,Masculino,Argentina,Graduação,482.0,Premium,35912.97,-0.27804799218738663,28726.7,2,22.0,1.1,1,1,-1.0595975050106248,35,A,0
588,31,Masculino,Chile,Graduação,693.0,Corrente,52489.96,-0.14331001446186392,50684.63,2,12.0,4.8,1,0,-0.23862971487182286,8,A,0
589,51,Feminino,Chile,Ensino Médio,550.0,Corrente,320004.15,2.0310485978966675,145812.37,2,29.0,6.8,0,0,-1.0224559007493514,76,C,0
590,31,Masculino,Colombia,Ensino Médio,659.0,Poupança,24065.76,-0.3743422601509669,110040.84,4,30.0,6.7,1,0,-1.0862891736035514,32,B,0
591,42,Feminino,Colombia,Ensino Médio,601.0,Corrente,50717.1,-0.15771984225270352,84563.51,1,24.0,3.7,1,1,1.2056366088694095,93,A,0
592,36,Feminino,Argentina,Graduação,553.0,Corrente,19711.23,-0.409735933317514,79016.52,1,28.0,0.4,1,0,-0.42008600493421644,45,C,0
593,47,Masculino,Colombia,Graduação,577.0,Corrente,13152.52,-0.4630452085169418,74583.16,3,18.0,2.3,0,0,-0.7414847254600336,85,A,0
594,46,Masculino,Chile,Graduação,670.0,Poupança,17999.71,-0.4236471888371703,98248.27,2,22.0,12.7,0,0,1.6179596843809054,67,C,0
595,54,Feminino,Argentina,Graduação,534.0,Poupança,20444.92,-0.40377249201258236,37272.93,2,27.0,4.4,0,0,0.8149850354042416,27,B,0
596,35,Feminino,Brasil,Pós-Graduação,582.0,Corrente,55902.87,-0.11556984018660563,21740.85,2,27.0,3.9,1,0,-0.3715092255018381,3,B,0
597,38,Feminino,Brasil,Ensino Médio,709.0,Poupança,608584.44,4.376632729035365,51092.97,1,29.0,1.6,1,1,0.4276363255523683,57,C,0
598,30,Masculino,Chile,Graduação,884.0,Poupança,15378.84,-0.44494965229292976,30014.96,2,25.0,2.3,0,1,-0.23578831826070276,65,A,0
599,36,Feminino,Brasil,Doutorado,692.0,Premium,22027.56,-0.3909087747112194,26029.55,2,32.0,11.3,1,0,-0.6926796792795997,20,A,0
600,46,Masculino,Chile,Graduação,567.0,Poupança,33666.29,-0.2963090347407318,31819.44,1,24.0,5.5,1,1,0.47469122448500445,71,B,0
601,51,Feminino,Brasil,Pós-Graduação,616.0,Poupança,58393.43,-0.09532653800665152,217768.61,1,26.0,7.7,0,1,-0.32430188532020293,41,A,0
602,30,Feminino,Brasil,Graduação,652.0,Poupança,49824.44,-0.16497539366441727,53192.61,3,32.0,3.0,1,1,0.07549800899940326,1,C,0
603,52,Masculino,Argentina,Ensino Médio,618.0,Corrente,169552.0,0.8081716802260286,,1,29.0,5.0,1,1,1.0213632348996715,74,C,0
604,58,Masculino,Chile,Graduação,731.0,Corrente,1975.01,-0.5538961466792263,23542.96,3,36.0,1.4,1,1,0.9112131037953766,76,C,0
605,46,Masculino,Brasil,Graduação,669.0,Corrente,2070.79,-0.553117645666283,16215.91,1,26.0,6.1,1,1,-0.5500932918560765,4,B,0
606,64,Masculino,Chile,Ensino Médio,731.0,Corrente,20029.19,-0.4071515505437048,29988.47,2,22.0,2.8,1,1,0.48603160228708603,71,B,0
607,32,Feminino,Argentina,Graduação,621.0,Corrente,135504.51,0.5314332645528602,116182.48,3,26.0,2.9,1,0,-1.127856246145756,10,B,0
608,27,Masculino,Brasil,Pós-Graduação,769.0,Corrente,5548.16,-0.5248535397216331,59908.0,2,17.0,5.2,0,0,0.4504141613157049,86,C,0
609,20,Feminino,Brasil,Ensino Médio,635.0,Corrente,983.23,-0.5619573466647857,70203.75,1,29.0,13.8,0,0,0.14849530580110562,89,B,0
610,59,Masculino,Brasil,Graduação,562.0,Corrente,72071.6,0.015849795259273946,76354.3,2,33.0,0.3,1,1,0.3789793623634307,29,C,0
611,49,Feminino,Brasil,Graduação,845.0,Corrente,48649.1,-0.1745285715778935,34378.63,1,36.0,8.7,0,0,-0.29744475464423265,15,A,0
612,41,Feminino,Brasil,,485.0,Poupança,,-0.4901660282590379,,1,22.0,1.7,0,1,2.08407127365249,19,B,0
613,45,Feminino,Brasil,Pós-Graduação,583.0,Poupança,11129.48,-0.4794885024115416,33534.01,4,24.0,2.9,1,0,-0.9012997076203142,58,A,0
614,28,Masculino,Brasil,Pós-Graduação,593.0,Poupança,11342.45,-0.47775747964346343,113975.57,2,26.0,0.1,1,1,0.9715517109684616,53,A,0
615,71,Masculino,Chile,Graduação,875.0,Corrente,41466.55,-0.23290842593700528,63919.6,2,29.0,1.8,0,0,-1.0316983197683316,46,B,0
616,43,Feminino,Brasil,Ensino Médio,812.0,Corrente,17127.18,-0.4307391233623675,16757.03,1,17.0,3.5,0,1,0.5043441746293211,18,B,0
617,43,Masculino,Argentina,Graduação,784.0,Corrente,65701.48,-0.035926618110638686,31294.4,1,31.0,0.3,1,1,0.5757899772517827,3,A,1
618,50,Masculino,Brasil,Graduação,620.0,Corrente,,-0.560346699758074,,1,34.0,3.4,1,0,0.054975871562285256,70,A,0
619,47,Masculino,Chile,Pós-Graduação,868.0,Poupança,12987.96,-0.46438275421218034,98515.51,2,27.0,13.1,1,0,-0.4953244105437042,22,A,0
620,44,Feminino,Chile,Doutorado,683.0,Corrente,9402.54,-0.4935250918800346,48298.64,2,22.0,0.6,1,1,0.14113489074529878,55,C,0
621,32,Feminino,Brasil,,737.0,Poupança,,-0.3529371399005376,,2,25.0,7.2,0,0,0.26701033343017444,64,A,0
622,47,Feminino,Chile,Graduação,666.0,Poupança,19040.86,-0.41518470888701475,61417.38,3,25.0,2.6,0,1,1.7899364863062825,41,C,0
623,64,Masculino,Chile,Graduação,645.0,Corrente,94599.98,0.198960743786848,35514.68,1,30.0,5.3,0,1,-0.8723402853002961,95,B,0
624,58,Masculino,Argentina,Ensino Médio,627.0,Poupança,3900.25,-0.5382477723823071,20124.97,1,29.0,1.5,0,1,-0.5559134963140018,85,A,0
625,61,Feminino,Argentina,Graduação,631.0,Corrente,38353.07,-0.25821482950537694,134158.81,1,24.0,0.9,1,1,0.2847355570693363,8,B,0
626,35,Masculino,Brasil,Graduação,704.0,Corrente,70969.37,0.006890856321119052,52280.12,1,31.0,0.9,1,1,-0.2560537903952518,65,A,0
627,30,Masculino,Brasil,Doutorado,683.0,Poupança,337046.75,2.1695710594041544,41107.31,1,26.0,0.4,1,1,-0.10004103773060016,3,B,0
628,40,Feminino,Brasil,Graduação,647.0,Premium,20371.27,-0.4043711201145167,38574.44,4,17.0,1.0,1,1,1.0703518353637607,29,A,0
629,42,Masculino,Brasil,,,Poupança,,-0.1342676008379404,,1,,5.5,0,0,-2.820266503429235,70,C,0
630,55,Masculino,Brasil,Graduação,382.0,Premium,4168.72,-0.5360656449345635,22410.18,3,27.0,10.7,0,0,-0.5979493450178113,97,B,0
631,21,Masculino,Chile,Ensino Médio,695.0,Corrente,2058.33,-0.5532189206988709,105974.11,1,23.0,8.4,1,0,-1.7423692262512493,18,B,0
632,60,Masculino,Brasil,Ensino Médio,714.0,Corrente,100080.41,0.24350574594141813,36889.06,4,27.0,5.8,1,1,-1.1958164369040705,58,A,0
633,40,Masculino,Colombia,Ensino Médio,753.0,Corrente,36074.0,-0.2767391383753773,49674.18,2,25.0,0.6,1,0,2.40462449207247,1,C,1
634,36,Feminino,Brasil,Graduação,644.0,Corrente,149375.0,0.6441727771339792,14377.24,3,19.0,1.7,1,1,0.5981681339527561,22,C,0
635,29,Masculino,Brasil,Ensino Médio,668.0,Corrente,6987.77,-0.5131523720118475,22228.82,1,23.0,1.9,1,0,0.9515649250581041,95,C,0
636,22,Masculino,Brasil,Graduação,738.0,Poupança,67770.52,-0.019109435652712572,70677.85,2,34.0,1.4,0,1,-0.08052964978643137,23,A,0
637,51,Feminino,Brasil,Doutorado,784.0,Poupança,342005.26,2.2098738894071754,61489.83,3,18.0,3.6,0,0,0.7587138248319099,8,B,0
638,42,Feminino,Colombia,Graduação,622.0,Premium,60092.89,-0.08151330631468472,140368.32,1,23.0,3.8,0,0,-1.7665645075202492,29,A,1
639,26,Masculino,Chile,Pós-Graduação,674.0,Premium,50609.66,-0.15859311588843775,109729.53,1,31.0,2.2,1,0,1.0382984117696008,44,C,0
640,26,Feminino,Brasil,Ensino Médio,801.0,Corrente,36690.29,-0.27172992570815224,42683.74,1,20.0,2.2,0,0,-0.8198441185598999,62,C,0
641,37,Feminino,Colombia,Graduação,458.0,Premium,5513.43,-0.5251358255869445,65106.01,3,26.0,8.8,1,1,-0.5313158193259131,19,B,0
642,62,Masculino,Argentina,Graduação,587.0,Corrente,184736.82,0.9315940831427265,40539.74,2,20.0,7.8,1,1,0.5051510704546522,59,A,0
643,38,Masculino,Brasil,Pós-Graduação,781.0,Corrente,17447.83,-0.428132876235616,168196.11,2,23.0,1.8,1,0,0.3164467585822151,80,A,0
644,23,Masculino,Argentina,Ensino Médio,748.0,Poupança,66528.11,-0.029207759347543005,97675.77,1,24.0,12.3,0,1,0.08462004839354878,19,C,0
645,39,Feminino,Argentina,Graduação,697.0,Corrente,5565.59,-0.5247118684681815,54274.57,1,29.0,15.3,1,0,-1.3630961535803188,22,B,0
646,38,Masculino,Brasil,Graduação,609.0,Premium,8818.86,-0.4982692500679103,55283.89,3,26.0,2.0,1,0,0.09981366882164183,83,B,0
647,18,Masculino,Argentina,Graduação,570.0,Poupança,203232.29,1.081925489802384,116647.3,1,25.0,2.2,0,1,0.9605613534832284,68,C,0
648,41,Feminino,Brasil,Pós-Graduação,596.0,Premium,23938.35,-0.3753778501912582,69407.26,2,20.0,3.5,0,0,-0.532487096099794,5,A,0
649,39,Masculino,Brasil,Ensino Médio,789.0,Premium,207716.73,1.118375073039838,124888.52,3,32.0,14.2,1,1,1.3149370453402958,5,A,0
650,50,Feminino,Brasil,Graduação,593.0,Poupança,33061.45,-0.3012251816677376,13145.19,1,31.0,10.5,0,1,-0.8726919359140094,25,B,0
651,64,Feminino,Colombia,Pós-Graduação,659.0,Corrente,3982.73,-0.5375773739322387,64649.58,2,23.0,0.5,1,0,0.006547891718373756,24,B,1
652,55,Masculino,Argentina,,,Corrente,,0.29100593078847004,,1,24.0,2.5,1,1,1.5353277333766129,1,C,1
653,38,Feminino,Brasil,Graduação,725.0,Corrente,17892.36,-0.42451973095180234,140621.45,2,24.0,4.0,0,0,-0.6813999126996095,28,B,0
654,28,Masculino,Brasil,Ensino Médio,601.0,Corrente,83987.78,0.11270465222747615,123975.5,1,24.0,3.5,1,1,1.0539854833770739,47,A,1
655,72,Masculino,Brasil,Pós-Graduação,641.0,Poupança,,-0.2657099134379869,,2,32.0,1.1,1,1,1.9746523622218093,85,A,0
656,42,Masculino,Argentina,Doutorado,498.0,Corrente,5700.21,-0.5236176754595949,123177.12,1,26.0,9.8,0,1,0.17104406892415022,60,B,0
657,42,Feminino,Brasil,Graduação,504.0,Premium,44229.79,-0.21044877737775097,142895.48,2,28.0,5.6,0,0,-0.5270169873833069,19,C,0
658,41,Feminino,Chile,Pós-Graduação,650.0,Poupança,506595.32,3.547663912693818,51258.87,2,33.0,9.1,1,0,-0.7727388029500236,87,A,0
659,44,Masculino,Colombia,Graduação,530.0,Corrente,65616.58,-0.03661668635034301,216027.34,1,20.0,9.8,0,1,1.3046027033473253,14,A,0
660,40,Masculino,Argentina,Ensino Médio,839.0,Corrente,33893.51,-0.29446218779814487,48107.59,2,32.0,6.9,0,1,1.276694199339649,70,C,0
661,35,Masculino,Brasil,Ensino Médio,464.0,Corrente,131980.85,0.5027929129213327,43100.39,1,20.0,2.9,0,1,1.4493091228686754,96,B,0
662,35,Feminino,Brasil,Graduação,577.0,Corrente,46760.88,-0.18987604686145745,82415.07,2,21.0,4.7,0,0,-0.032838350655947084,96,A,0
663,41,Feminino,Brasil,Graduação,651.0,Poupança,46697.27,-0.19039306972043973,39645.22,1,24.0,0.9,1,1,1.037806941527105,8,A,1
664,35,Feminino,Argentina,Pós-Graduação,617.0,Corrente,9799.14,-0.4903015222231824,51596.23,2,24.0,5.6,1,1,-0.04883939112607021,37,C,0
665,33,Feminino,Argentina,Graduação,550.0,Poupança,48079.81,-0.17915576766954602,114194.76,1,30.0,1.0,1,0,-0.8830551216083591,86,B,0
666,43,Feminino,Brasil,Doutorado,563.0,Corrente,125810.5,0.45264023255784813,49589.35,1,28.0,5.9,1,1,1.124176785112353,72,C,0
667,38,Masculino,Brasil,Graduação,560.0,Poupança,13316.05,-0.4617160346743169,17729.57,1,37.0,1.3,1,0,1.6338702782782046,10,C,0
668,60,Masculino,Chile,Graduação,624.0,Poupança,200665.57,1.0610631582097574,61107.61,2,39.0,0.6,0,0,-1.0206019727813198,67,B,0
669,18,Feminino,Brasil,Graduação,825.0,Corrente,32531.13,-0.3055356291221547,32280.67,1,28.0,0.9,0,0,-1.03943096290067,13,A,1
670,55,Masculino,Brasil,Graduação,657.0,Corrente,12514.92,-0.4682276291251339,82385.33,3,20.0,0.0,1,1,0.03998193423012464,39,C,0
671,56,Masculino,Argentina,Pós-Graduação,756.0,Poupança,120229.6,0.40727860901290003,,3,17.0,6.3,1,1,0.956128605741,64,A,0
672,18,Feminino,Brasil,Ensino Médio,695.0,Premium,25741.17,-0.3607245071535217,118520.38,1,27.0,6.6,1,1,-1.1338191937539535,30,A,0
673,37,Feminino,Argentina,Doutorado,750.0,Corrente,90347.43,0.1643959653091707,84501.06,2,27.0,3.6,0,0,0.22701573695590588,4,A,1
674,37,Masculino,Chile,Doutorado,398.0,Corrente,25588.28,-0.36196719894584684,94291.52,1,26.0,0.9,0,0,-0.5904269540597518,45,A,0
675,25,Feminino,Argentina,,,Corrente,,-0.29522427022635084,,1,,0.4,1,1,0.7008290998250021,6,C,1
676,32,Feminino,Brasil,Graduação,767.0,Corrente,65661.78,-0.03624930019681373,79410.98,2,41.0,0.1,1,1,-0.7978868214958904,16,B,0
677,28,Masculino,Brasil,Ensino Médio,598.0,Corrente,51486.58,-0.15146549938947954,159702.94,2,22.0,0.9,1,1,0.7718030002741793,22,A,0
678,63,Masculino,Brasil,Graduação,808.0,Corrente,3312.18,-0.5430276125439437,32429.05,2,28.0,11.1,0,0,-0.1582148108177082,91,A,0
679,53,Masculino,Brasil,,,Poupança,,-0.4930826841734727,,1,,1.4,1,1,-0.9371405236810427,21,A,1
680,57,Masculino,Colombia,Graduação,607.0,Corrente,110778.94,0.33046352879800645,,1,28.0,2.2,0,1,0.06368995542688848,93,B,0
681,50,Feminino,Argentina,Ensino Médio,604.0,Corrente,30990.5,-0.3180578886290539,29401.98,1,23.0,0.6,0,1,-1.9379733144883526,65,A,0
682,28,Masculino,Brasil,Pós-Graduação,558.0,Corrente,19370.81,-0.41250287124637336,58554.91,2,20.0,1.3,1,1,-0.5590945721049398,30,B,0
683,35,Masculino,Colombia,Graduação,593.0,Premium,7113.23,-0.5121326315954363,75323.41,2,23.0,3.7,1,1,0.3374010703246616,24,C,0
684,47,Masculino,Argentina,Ensino Médio,539.0,Corrente,9939.94,-0.48915709809891417,84715.18,2,29.0,4.7,1,1,-1.7717547790318953,64,B,0
685,27,Masculino,Brasil,Graduação,688.0,Premium,3209.41,-0.5438629283624881,27527.55,1,23.0,1.4,1,1,-2.5711368531054113,13,A,0
686,50,Masculino,Brasil,Doutorado,518.0,Poupança,32159.5,-0.3085562423132187,63622.6,1,29.0,0.3,1,1,-2.3393673198131673,94,C,0
687,39,Feminino,Brasil,Graduação,704.0,Corrente,17709.83,-0.42600333702710547,32489.34,1,21.0,2.5,1,0,1.32712855550037,26,B,1
688,37,Masculino,Colombia,Graduação,706.0,Corrente,11385.48,-0.47740773127650843,20063.28,1,19.0,1.3,0,1,-0.07675901276272937,98,A,1
689,50,Feminino,Brasil,Pós-Graduação,500.0,Poupança,33464.88,-0.29794609768724367,28078.47,1,21.0,1.2,1,1,-0.5324653940071872,20,C,0
690,47,Feminino,Chile,Pós-Graduação,789.0,Poupança,1576911.8098261068,-0.11311241696408247,31240.16,3,24.0,16.1,1,0,0.9451547356668297,61,C,0
691,37,Masculino,Brasil,Pós-Graduação,696.0,Poupança,447681.59,3.0688123937831198,67034.12,3,24.0,4.8,0,1,-0.40444968246911106,6,B,0
692,55,Feminino,Chile,Ensino Médio,717.0,Poupança,5917.92,-0.5218481259134696,97863.43,2,24.0,4.1,1,1,0.268461899866732,43,A,0
693,29,Feminino,Brasil,Pós-Graduação,581.0,Poupança,145984.72,0.6166165397758531,20253.36,2,26.0,2.7,1,0,0.025755350923262824,49,B,0
694,49,Masculino,Colombia,Graduação,706.0,Corrente,116742.03,0.3789315973433387,,1,19.0,2.8,1,1,-0.47099942075297796,9,C,0
695,49,Masculino,Chile,Pós-Graduação,751.0,Poupança,14258.22,-0.4540580653762926,24196.93,3,20.0,3.9,1,0,0.2941458838891059,37,C,0
696,38,Feminino,Brasil,Graduação,641.0,Poupança,46345.67,-0.19325087882621186,71499.89,1,22.0,6.0,0,1,0.7732612214201445,16,A,0
697,45,Feminino,Argentina,Pós-Graduação,830.0,Corrente,20969.83,-0.39950601710441724,33737.38,3,14.0,6.1,1,0,-0.18490661701698782,4,C,0
698,26,Masculino,Argentina,Doutorado,653.0,Poupança,45379.98,-0.20110001897226729,26087.27,2,28.0,0.9,1,1,-0.4605555731546149,32,A,0
699,53,Masculino,Chile,Ensino Médio,752.0,Poupança,222116.48,1.2354164173823932,79205.32,1,30.0,3.5,0,1,-0.3425124079994532,84,B,0
700,39,Masculino,Brasil,Doutorado,676.0,Corrente,75111.39,0.040557245605221295,34470.06,3,26.0,2.7,1,1,-2.2979125327857317,93,C,0
701,35,Masculino,Brasil,Ensino Médio,702.0,Corrente,66858.25,-0.02652437738457482,40555.29,1,25.0,10.2,1,1,0.2830595465089119,95,C,0
702,54,Feminino,Chile,Ensino Médio,499.0,Corrente,21668.8,-0.39382478038467444,,2,25.0,5.0,0,0,-1.2091112889885514,17,A,0
703,33,Masculino,Argentina,Graduação,683.0,Corrente,6118.87,-0.520214801852591,86502.69,2,24.0,3.8,1,1,0.629718724118924,41,A,0
704,25,Masculino,Brasil,Doutorado,583.0,Corrente,28277.96,-0.3401054469674247,80221.36,1,20.0,0.6,1,0,-0.09042410067529387,89,B,1
705,23,Masculino,Chile,Graduação,573.0,Corrente,154496.97,0.6858042120187681,49181.59,1,22.0,4.7,0,1,0.10512109653044063,45,A,0
706,49,Masculino,Brasil,Graduação,806.0,Corrente,5810.36,-0.5227223749106733,19603.27,2,30.0,0.6,1,1,0.7003291706062024,16,C,0
707,26,Masculino,Argentina,Graduação,630.0,Corrente,10238.32,-0.48673186180488603,101277.7,2,37.0,2.1,1,1,-0.9265237663409348,20,B,0
708,63,Masculino,Brasil,Doutorado,559.0,Premium,42256.83,-0.22648502041905988,32867.58,1,33.0,0.8,0,1,0.3692484433509569,42,B,0
709,18,Masculino,Brasil,Pós-Graduação,617.0,Corrente,11141.3,-0.4793924293067912,37346.26,3,28.0,5.9,1,0,0.2676210525626648,10,B,1
710,62,Feminino,Brasil,Ensino Médio,532.0,Corrente,14030.26,-0.45591092704794167,196266.05,1,20.0,1.2,0,0,-0.18478083264279324,52,A,0
711,44,Feminino,Brasil,Graduação,779.0,Corrente,21844.0,-0.39240075263913615,32138.76,1,28.0,2.5,0,1,-0.9281862007635379,60,A,1
712,40,Masculino,Brasil,Ensino Médio,587.0,Poupança,7053.36,-0.5126192556886177,76521.42,1,30.0,11.3,0,1,0.5952383640551641,48,C,0
713,35,Masculino,Brasil,Graduação,697.0,Corrente,11283.02,-0.47824052741125644,,1,30.0,1.1,1,0,0.7034545444193161,23,B,0
714,46,Masculino,Brasil,Ensino Médio,772.0,Corrente,84466.77,0.11659788881329473,61951.27,1,19.0,3.5,1,0,0.11360202597788406,33,B,0
715,41,Masculino,Brasil,Graduação,604.0,Corrente,7564.01,-0.5084686862350837,58058.15,4,24.0,2.7,1,1,-1.0703024157146448,77,B,0
716,55,Masculino,Argentina,Pós-Graduação,697.0,Premium,5337.72,-0.5265639986187284,61441.03,1,29.0,0.1,0,0,-0.5274490329254542,25,C,0
717,43,Masculino,Brasil,Graduação,557.0,Poupança,17051.1,-0.43135750253406024,57708.77,1,23.0,7.9,1,1,-0.06033272242006658,50,A,0
718,43,Feminino,Brasil,Graduação,870.0,Corrente,87408.39,0.14050741219703033,47517.29,1,22.0,0.4,0,1,0.6884945499820935,88,B,1
719,37,Masculino,Argentina,Graduação,734.0,Corrente,28672.5,-0.3368986210157997,121390.74,2,29.0,3.2,0,1,-1.5834894011131166,70,A,0
720,41,Masculino,Chile,Ensino Médio,632.0,Corrente,20795.72,-0.4009211853166072,22301.38,3,27.0,4.1,0,0,-0.5638034643043767,79,A,0
721,45,Feminino,Argentina,Graduação,580.0,Corrente,38300.97,-0.2586382989434052,,1,18.0,5.0,0,0,-0.40267255994220236,55,A,1
722,21,Feminino,Brasil,Graduação,639.0,Poupança,4470.03,-0.533616593564654,80290.4,1,28.0,5.8,1,1,-0.08322157940302932,98,A,0
723,25,Masculino,Chile,Pós-Graduação,619.0,Corrente,65752.09,-0.035515259410857314,74536.15,1,32.0,1.5,0,1,-1.3013252840248468,68,A,0
724,50,Masculino,Colombia,Graduação,825.0,Poupança,57533.46,-0.10231638469803625,95816.26,1,20.0,0.1,0,0,-0.2175327783733332,78,C,0
725,44,Masculino,Brasil,Graduação,539.0,Corrente,22221.82,-0.38932982705226804,46371.5,1,25.0,6.4,1,0,-0.31048356431258967,4,A,0
726,39,Masculino,Colombia,Pós-Graduação,662.0,Poupança,121431.96,0.4170514058172692,15972.37,1,37.0,3.8,0,0,-1.0375918714896566,28,B,0
727,42,Masculino,Brasil,Pós-Graduação,648.0,Corrente,9386.28,-0.4936572533591582,46939.95,1,28.0,9.0,1,1,-0.11796758416868414,29,B,0
728,46,Masculino,Brasil,Pós-Graduação,639.0,Corrente,140574.21,0.5726398482375388,27045.7,2,31.0,8.6,1,1,-0.5411690967855018,82,B,0
729,35,Masculino,Brasil,Doutorado,640.0,Poupança,43712.63,-0.21465226019100792,31599.12,1,21.0,9.3,1,0,0.49558614250970723,84,C,0
730,32,Feminino,Argentina,Pós-Graduação,639.0,Corrente,24249.15,-0.3728516639851319,23261.34,3,23.0,3.3,1,0,-0.8853275610043386,48,A,0
731,44,Feminino,Brasil,Graduação,728.0,Poupança,35459.68,-0.2817323388584772,36812.51,3,26.0,2.0,1,1,0.08983412212845515,96,B,1
732,30,Masculino,Brasil,Pós-Graduação,704.0,Premium,31929.39,-0.3104265792111972,34270.01,2,27.0,7.8,0,1,-0.8083888372292681,72,B,0
733,46,Masculino,Brasil,Graduação,687.0,Corrente,157053.14,0.706580793082197,11771.75,1,31.0,3.0,1,1,-0.5997542381588126,13,B,0
734,21,Masculino,Brasil,Graduação,376.0,Premium,9976.47,-0.4888601818115596,74617.71,1,31.0,1.0,1,1,0.2972916277054057,43,A,0
735,54,Masculino,Brasil,Graduação,676.0,Corrente,14544.63,-0.45173012138885177,185756.72,1,26.0,9.7,1,1,0.23471773284215555,9,B,0
736,47,Masculino,Brasil,Ensino Médio,500.0,Corrente,125940.33,0.45369549238777535,70526.4,2,35.0,10.7,1,1,-0.4170221825783604,40,A,0
737,45,Feminino,Brasil,Ensino Médio,708.0,Poupança,17771.62,-0.4255011071504114,43401.34,2,25.0,3.1,0,1,-0.2694106183326679,46,B,0
738,53,Feminino,Colombia,Ensino Médio,782.0,Poupança,107005.95,0.299796619873128,47436.73,3,27.0,0.4,0,1,-1.453606445109524,58,B,0
739,61,Feminino,Brasil,Ensino Médio,566.0,Corrente,279099.37,1.6985740451275937,38078.63,3,22.0,2.5,0,0,1.4027643105807002,97,A,0
740,54,Feminino,Brasil,Pós-Graduação,626.0,Poupança,22423.08,-0.3876939833075931,51741.99,1,28.0,8.1,1,0,0.6874563978780281,56,B,0
741,19,Feminino,Brasil,Pós-Graduação,596.0,Premium,82259.55,0.09865757762318553,47944.3,2,30.0,11.6,1,1,0.6514480508711067,12,C,0
742,26,Feminino,Brasil,Graduação,761.0,Corrente,9095.81,-0.4960181970763187,2571573.5870796186,1,36.0,1.1,1,0,-1.5950322169562152,25,A,0
743,34,Feminino,Brasil,Pós-Graduação,658.0,Premium,89830.51,0.1601944332188529,134555.63,1,18.0,0.3,0,1,-0.5954899924892867,89,B,0
744,42,Masculino,Brasil,Ensino Médio,805.0,Poupança,46134.15,-0.194970115976533,20084.58,1,25.0,10.5,0,0,-0.33454602892362273,16,C,0
745,48,Masculino,Argentina,Pós-Graduação,687.0,Premium,,-0.04923184903721652,,1,15.0,2.5,1,1,-1.9310614920340123,51,C,0
746,33,Feminino,Brasil,Graduação,671.0,Corrente,16735.94,-0.43391912687358,46132.89,3,26.0,3.9,1,1,0.8899500960760867,80,A,0
747,44,Feminino,Brasil,,,Poupança,,-0.5297331918736533,,1,,17.2,0,1,1.4538844885481361,99,B,0
748,32,Masculino,Brasil,Ensino Médio,723.0,Corrente,66429.9,-0.03000601143024466,60145.31,2,24.0,0.3,0,0,2.061934956003614,87,A,0
749,34,Masculino,Chile,Graduação,493.0,Premium,3053.11,-0.5451333366765728,39500.03,2,23.0,5.2,1,1,-1.0458838275177365,72,C,1
750,25,Masculino,Argentina,Ensino Médio,657.0,Poupança,24814.4,-0.3682573050629542,42250.68,2,23.0,0.4,0,0,0.11732349683427376,53,C,0
751,30,Feminino,Brasil,Graduação,643.0,Corrente,112354.94,0.3432732760980545,50208.72,1,25.0,2.4,1,0,1.3228182691504213,52,A,0
752,25,Masculino,Brasil,Ensino Médio,715.0,Corrente,45719.37,-0.19834145289602154,24694.25,3,14.0,8.1,1,0,-0.25361847894695383,67,A,0
753,30,Feminino,Colombia,Ensino Médio,633.0,Poupança,376250.78,2.488221895345464,30942.26,2,30.0,2.8,1,1,-0.5669879138426778,24,B,0
754,54,Feminino,Brasil,Graduação,556.0,Poupança,124259.95,0.4400373431694664,16798.31,1,31.0,29.4,1,0,-1.8660176735444909,86,C,0
755,30,Feminino,Brasil,Doutorado,650.0,Corrente,16569.55,-0.4352715468312291,28175.66,1,31.0,4.1,1,1,1.1326224577717492,14,A,0
756,73,Masculino,Brasil,,,Corrente,,-0.26494132859998404,,2,,1.9,0,1,-0.019260756073364933,22,C,0
757,47,Masculino,Brasil,Ensino Médio,476.0,Poupança,34308.73,-0.291087274553268,58694.72,3,15.0,1.2,1,1,-0.7293418589630624,98,A,0
758,44,Masculino,Colombia,Graduação,715.0,Corrente,5439.2,-0.5257391679359816,14949.04,2,18.0,2.2,1,1,0.28385728982886005,31,B,0
759,31,Masculino,Colombia,Pós-Graduação,702.0,Corrente,11748.98,-0.47445319882500625,45146.72,3,25.0,2.3,1,1,0.15300537317866494,85,C,0
760,50,Masculino,Argentina,,692.0,Premium,,-0.41934592603659127,,2,30.0,0.4,1,1,0.1682591023545915,58,B,0
761,35,Feminino,Brasil,Pós-Graduação,767.0,Corrente,3154.34,-0.5443105379968877,44455.89,1,27.0,2.3,0,1,-0.21709806232667525,69,B,0
762,43,Masculino,Brasil,Graduação,590.0,Corrente,38445.32,-0.2574650203756628,33514.28,1,25.0,3.1,0,0,1.6223581587633655,19,C,0
763,72,Feminino,Brasil,Ensino Médio,521.0,Corrente,26933.17,-0.35103591655602345,38280.78,1,31.0,6.4,1,0,-0.13365973326242211,53,A,0
764,40,Feminino,Colombia,Graduação,643.0,Premium,4878.18,-0.5302991453663579,35438.07,2,31.0,5.3,1,0,1.6193220763233047,85,B,0
765,55,Masculino,Argentina,Graduação,618.0,Corrente,58986.0,-0.09051012178990692,33455.17,2,18.0,6.2,1,0,0.5641169264001977,2,B,0
766,33,Feminino,Brasil,Graduação,574.0,Poupança,85737.65,0.12692761701677505,54409.5,1,27.0,0.0,1,1,0.3511701427617313,53,C,1
767,41,Feminino,Brasil,Graduação,642.0,Premium,47688.3,-0.1823379657440649,195753.78,2,28.0,1.2,1,1,-0.11327475327815528,67,C,0
768,63,Masculino,Brasil,Ensino Médio,594.0,Corrente,24615.17,-0.3698766489427693,31375.42,1,22.0,5.4,1,1,0.9739566935459205,47,C,0
769,34,Masculino,Colombia,Pós-Graduação,484.0,Poupança,73845.52,0.03026823874309453,40502.32,1,29.0,3.3,0,0,0.11299176757799528,53,B,0
770,63,Masculino,Brasil,Graduação,610.0,Corrente,82146.9,0.0977419570436484,47523.58,1,31.0,0.0,1,1,-0.9321312151135317,57,A,0
771,50,Masculino,Brasil,Graduação,547.0,Poupança,52516.58,-0.14309364677586944,32454.27,1,26.0,8.2,1,1,-0.9654921909980355,94,A,0
772,35,Feminino,Brasil,,670.0,Corrente,,-0.4602186922583176,,1,31.0,7.4,0,0,0.42248462193427205,98,C,0
773,49,Masculino,Brasil,Graduação,590.0,Poupança,50610.83,-0.15858360611410965,11819.06,1,20.0,4.0,1,1,-0.9073788851664958,25,B,0
774,53,Feminino,Chile,Ensino Médio,750.0,Corrente,152447.69,0.6691476390828274,35645.01,1,24.0,0.3,1,1,-0.06223105697249944,35,B,1
775,49,Masculino,Colombia,Pós-Graduação,794.0,Corrente,17748.3,-0.42569065239599324,80096.56,1,33.0,7.3,1,0,1.0571845385510912,29,B,0
776,23,Masculino,Colombia,Pós-Graduação,711.0,Premium,450236.02,3.0895748321052405,41090.96,2,27.0,4.4,1,1,0.3039701778943337,76,C,0
777,33,Feminino,Argentina,Ensino Médio,510.0,Corrente,19326.7,-0.4128613978665543,29956.35,1,22.0,7.6,1,0,-0.7221348703287477,87,B,0
778,39,Feminino,Brasil,Doutorado,785.0,Poupança,37755.57,-0.2630713168224954,63860.36,4,22.0,7.0,1,0,1.4099875116161396,92,B,0
779,41,Masculino,Brasil,Graduação,791.0,Corrente,16204.06,-0.4382422540271013,84440.8,1,19.0,8.1,0,1,0.5478752369947015,17,A,0
780,49,Masculino,Brasil,Graduação,651.0,Corrente,47473.41,-0.18408459429565585,55624.62,1,20.0,3.6,1,1,1.0177929872040894,80,C,0
781,44,Feminino,Argentina,Ensino Médio,769.0,Poupança,4488.77,-0.5334642746151597,30311.06,1,23.0,0.8,1,1,-2.2675583432093025,49,C,0
782,25,Feminino,Brasil,Graduação,600.0,Corrente,18859.08,-0.41666221895313327,64454.96,1,26.0,5.6,1,0,0.3308528782627462,56,C,0
783,46,Masculino,Argentina,Ensino Médio,482.0,Premium,9793.31,-0.4903489085345779,,3,22.0,4.8,1,1,0.8421578363798933,73,B,0
784,49,Masculino,Brasil,Graduação,581.0,Corrente,42719.3,-0.22272605859554895,76658.22,1,25.0,6.8,1,0,1.7002886422979921,3,B,0
785,48,Masculino,Brasil,Graduação,805.0,Corrente,119771.0,0.40355110259678195,119366.67,3,32.0,0.9,0,1,-1.4638185841510416,22,A,0
786,54,Masculino,Chile,Pós-Graduação,515.0,Poupança,78842.5,0.07088375337722787,,3,19.0,1.1,0,0,1.2061145891945328,95,C,0
787,52,Feminino,Chile,Ensino Médio,649.0,Corrente,2109.08,-0.552806424077375,52398.88,2,27.0,11.1,1,1,1.6443802857012446,14,B,0
788,47,Feminino,Brasil,,,Corrente,,2.852270849606706,,2,,6.9,1,1,-2.0172889772789793,3,A,0
789,41,Feminino,Brasil,Graduação,603.0,Poupança,51758.08,-0.14925874406462988,212155.16,2,21.0,11.9,1,1,0.47859110986974274,38,B,0
790,22,Masculino,Colombia,Graduação,610.0,Corrente,14302.66,-0.4536968565120704,37016.73,1,29.0,7.1,1,0,0.6176208143407019,87,B,0
791,47,Feminino,Argentina,Pós-Graduação,656.0,Corrente,43851.03,-0.21352734329613057,76712.81,2,35.0,4.5,1,1,-0.3270076626519062,21,C,0
792,44,Masculino,Brasil,Graduação,599.0,Poupança,44865.65,-0.20528049951086738,47992.97,1,24.0,5.3,1,1,-0.49009446006628976,51,C,0
793,45,Feminino,Brasil,,,Poupança,,-0.4373483352402616,,1,,11.0,0,1,0.6678539132878224,24,B,0
794,26,Masculino,Brasil,Graduação,669.0,Corrente,46050.78,-0.19564774835750068,28191.29,2,32.0,4.3,1,1,-0.614981753410632,96,B,0
795,29,Masculino,Brasil,Graduação,746.0,Poupança,17518.86,-0.42755554352576675,126932.09,2,22.0,5.0,0,0,-0.21724932841809785,45,B,0
796,54,Feminino,Chile,Graduação,728.0,Poupança,22354.11,-0.3882545723122151,86991.25,3,12.0,0.9,0,0,0.8124349008239216,69,B,1
797,41,Masculino,Brasil,Graduação,577.0,Poupança,15938.06,-0.44040430528459673,157337.81,1,32.0,3.2,1,0,1.7540430503268643,97,B,0
798,50,Feminino,Brasil,Pós-Graduação,537.0,Corrente,6508.05,-0.5170515420466057,50679.26,3,27.0,6.3,1,1,0.5379842725420181,44,C,0
799,42,Feminino,Brasil,Graduação,624.0,Premium,43260.87,-0.21832417100336174,58264.7,1,31.0,1.6,1,1,0.13348449541451154,47,C,0
800,42,Masculino,Brasil,Ensino Médio,791.0,Corrente,73303.18,0.02586009258147765,41759.62,1,32.0,1.1,0,0,-0.5163974846607704,57,B,1
801,53,Feminino,Brasil,Graduação,708.0,Poupança,67363.62,-0.022416723835700942,41264.2,1,34.0,1.9,0,1,-1.0106000406510562,19,B,0
802,35,Masculino,Brasil,Ensino Médio,713.0,Premium,97140.17,0.21960743921458223,26235.48,1,21.0,1.4,0,0,1.1095782415009494,34,C,0
803,43,Masculino,Brasil,Graduação,730.0,Poupança,,-0.13432945501113416,,1,25.0,1.2,1,0,-0.1534498511268846,3,B,0
804,36,Feminino,Brasil,Graduação,687.0,Premium,19162.86,-0.4141930913929755,30529.6,2,26.0,2.8,1,0,1.1507032746667285,39,C,0
805,36,Feminino,Brasil,Graduação,660.0,Corrente,99468.53,0.23853237780819891,63904.52,3,27.0,11.9,1,1,-0.3295518779954617,92,C,1
806,38,Masculino,Brasil,Pós-Graduação,709.0,Corrente,7122.25,-0.5120593169249753,54285.16,1,28.0,3.5,1,1,-0.6492886613610113,75,C,0
807,44,Feminino,Argentina,Ensino Médio,600.0,Premium,12322.65,-0.4697904020397152,58256.4,2,25.0,1.0,1,0,0.420798888827516,60,C,0
808,36,Masculino,Brasil,Pós-Graduação,522.0,Corrente,11418.16,-0.4771421078363018,,3,38.0,0.4,1,1,-0.07653593926840017,10,A,0
809,57,Feminino,Brasil,Graduação,715.0,Poupança,132729.34,0.5088766488075084,47923.88,2,28.0,6.0,0,0,-1.2055286046107376,40,B,0
810,31,Feminino,Brasil,Graduação,761.0,Corrente,112571.77,0.34503567299340315,77190.85,2,33.0,2.4,0,0,1.817368329781848,2,B,1
811,39,Masculino,Colombia,Graduação,549.0,Poupança,65170.77,-0.040240235489831896,167863.37,1,24.0,8.6,1,0,-0.6269837737716375,45,B,0
812,36,Feminino,Colombia,Pós-Graduação,723.0,Poupança,131441.33,0.4984076877542501,107362.93,3,19.0,5.4,1,0,0.9275915211742136,27,C,0
813,59,Masculino,Brasil,Graduação,801.0,Corrente,12643.02,-0.4671864307563926,97919.58,2,31.0,8.0,1,1,0.8418566293964815,53,C,0
814,44,Masculino,Argentina,Pós-Graduação,649.0,Corrente,55177.7,-0.12146403082719948,40781.63,1,21.0,1.6,1,1,-1.2594627649143568,9,C,0
815,54,Feminino,Brasil,Pós-Graduação,576.0,Poupança,31250.5,-0.3159446054450358,56262.63,1,24.0,5.9,0,0,-1.0023876446164846,1,B,1
816,24,Masculino,Brasil,Pós-Graduação,661.0,Corrente,100333.86,0.2455657906452234,22226.36,3,27.0,1.5,1,0,-0.30150933970012783,33,C,1
817,45,Masculino,Brasil,Ensino Médio,600.0,Poupança,31625.88,-0.31289351220804845,66128.07,1,34.0,14.0,1,0,-0.8656465445783166,38,A,0
818,52,Feminino,Brasil,Pós-Graduação,594.0,Poupança,22881.15,-0.38397078473796553,57796.07,4,26.0,5.1,1,0,1.7264563718786883,57,B,0
819,42,Masculino,Brasil,Pós-Graduação,688.0,Corrente,69500.57,-0.005047568066133771,49713.46,1,34.0,2.0,1,1,-0.20017563679851152,33,A,0
820,54,Masculino,Argentina,Graduação,505.0,Poupança,103922.74,0.27473625123544965,90791.13,2,23.0,1.6,0,0,0.8897490428140682,48,A,0
821,35,Feminino,Argentina,Pós-Graduação,520.0,Corrente,16284.77,-0.43758624215870856,23749.94,1,24.0,1.1,0,1,0.5136373890002042,3,B,1
822,58,Feminino,Brasil,Doutorado,651.0,Corrente,33749.11,-0.29563587276649955,130733.7,2,27.0,5.9,0,0,0.26402244899635335,32,A,0
823,69,Feminino,Brasil,Graduação,647.0,Corrente,10197.23,-0.4870658418280834,84209.15,3,26.0,1.2,0,0,0.040321210739587866,77,A,1
824,37,Masculino,Brasil,Ensino Médio,680.0,Poupança,1812.25,-0.5552190619524215,46986.69,1,19.0,4.5,0,1,1.237130707788697,21,C,0
825,36,Feminino,Brasil,,,Premium,,-0.1945038119139672,,2,,1.5,1,0,-0.8250929733350166,68,A,0
826,59,Feminino,Colombia,Ensino Médio,659.0,Corrente,75409.34,0.04297898685398353,65405.83,1,31.0,5.4,1,0,1.7263353104565862,17,C,0
827,60,Masculino,Argentina,Graduação,703.0,Corrente,49735.79,-0.165695941950045,122089.63,1,11.0,8.4,1,0,-1.287223180504095,42,A,0
828,35,Masculino,Colombia,Graduação,562.0,Corrente,3500.03,-0.5415007654434907,52102.31,1,14.0,7.5,1,0,0.7815117256224239,68,B,0
829,36,Masculino,Argentina,Graduação,719.0,Poupança,23836.68,-0.3762042251963317,53445.54,2,25.0,7.2,0,0,-1.4051638599397827,84,B,0
830,38,Masculino,Brasil,Graduação,602.0,Corrente,2535.09,-0.5493438095803614,49556.62,1,23.0,1.0,1,0,-0.3157055522269598,12,B,1
831,25,Masculino,Brasil,Pós-Graduação,656.0,Poupança,187895.52,0.9572680354248723,142802.02,1,22.0,0.5,1,1,0.09330993806096685,90,B,0
832,30,Feminino,Brasil,Graduação,640.0,Corrente,9864.86,-0.48976734925836063,39287.83,1,24.0,6.0,0,1,-0.4866953488295139,45,C,0
833,29,Feminino,Brasil,Pós-Graduação,742.0,Poupança,163813.58,0.7615297321920553,48160.55,2,23.0,2.3,1,1,-0.18166956961689104,36,A,0
834,32,Feminino,Chile,Ensino Médio,532.0,Poupança,112988.75,0.34842489153983336,117955.34,2,28.0,2.8,1,0,-1.3869704479307934,80,A,1
835,41,Feminino,Brasil,Pós-Graduação,444.0,Premium,12323.85,-0.46978064842501976,,1,33.0,0.2,1,1,-0.9874504687235515,51,B,0
836,44,Feminino,Brasil,Pós-Graduação,630.0,Corrente,9326.9,-0.49413989472633896,96977.6,1,24.0,1.5,1,0,0.49826470719588245,7,C,1
837,60,Feminino,Argentina,Graduação,692.0,Poupança,55295.36,-0.12050768890630881,28374.1,3,36.0,0.2,0,0,0.029671824977444982,33,C,0
838,30,Masculino,Chile,Graduação,663.0,Poupança,13184.68,-0.4627838116431033,43339.71,1,24.0,10.6,1,0,-0.6905280258215071,48,B,0
839,53,Masculino,Brasil,Graduação,760.0,Poupança,41067.88,-0.23614882057920722,119450.87,3,28.0,1.4,0,1,1.3242777631296714,66,A,0
840,39,Masculino,Argentina,Pós-Graduação,689.0,Corrente,20345.33,-0.4045819607521837,32669.47,3,29.0,4.1,0,0,-1.2199308999902159,33,B,0
841,41,Masculino,Brasil,Pós-Graduação,599.0,Premium,4283.86,-0.5351297856045334,44766.73,2,29.0,0.2,1,0,-0.3615904658640628,78,A,0
842,50,Masculino,Brasil,Graduação,440.0,Corrente,2498.48,-0.5496413761086957,57182.95,1,30.0,5.5,1,0,-0.5056562781784717,84,B,0
843,28,Masculino,Brasil,Graduação,628.0,Corrente,47668.26,-0.18250085110947922,27078.82,3,22.0,2.0,1,0,0.6150376277610444,27,A,0
844,46,Masculino,Brasil,Ensino Médio,742.0,Corrente,18511.19,-0.4194898731334719,38242.93,2,27.0,11.4,1,0,0.048163691137194334,47,C,0
845,43,Masculino,Argentina,Graduação,614.0,Poupança,18700.25,-0.4179531911382009,52448.24,2,26.0,11.0,1,0,-0.10816524653459693,85,B,0
846,47,Masculino,Brasil,Doutorado,652.0,Poupança,83703.54,0.11039434602660957,50413.24,1,34.0,2.0,1,0,-1.844216703867239,66,A,1
847,45,Masculino,Argentina,Ensino Médio,687.0,Corrente,148468.89,0.6368079039575539,105684.26,1,29.0,11.6,1,0,0.8650344806320929,43,A,0
848,71,Feminino,Chile,Pós-Graduação,558.0,Corrente,26185.11,-0.3571161573969333,123608.47,1,29.0,27.8,1,0,-0.21782581483173696,80,A,0
849,34,Masculino,Brasil,Pós-Graduação,706.0,Poupança,24131.7,-0.3738062990234509,29329.5,2,23.0,8.7,1,0,0.11566101761041994,19,A,0
850,35,Feminino,Argentina,Doutorado,797.0,Corrente,66182.52,-0.03201671909971532,52405.2,2,31.0,9.3,1,0,-0.7485632200938773,68,C,0
851,34,Feminino,Brasil,Ensino Médio,634.0,Premium,7127.23,-0.5120188394239892,73463.87,1,24.0,1.4,1,1,-0.9058287628170728,10,A,1
852,35,Feminino,Brasil,Ensino Médio,548.0,Premium,47466.7,-0.18413913325782805,121760.16,2,29.0,4.3,0,0,1.499287758475687,22,C,0
853,34,Feminino,Argentina,Ensino Médio,644.0,Corrente,70422.15,0.0024430454597406783,75440.1,1,22.0,0.3,0,0,-1.7732385782624127,76,A,1
854,56,Feminino,Argentina,Pós-Graduação,449.0,Corrente,82147.87,0.09774984121552724,58369.46,2,26.0,0.5,1,0,-1.0541990277827717,66,C,0
855,59,Masculino,Brasil,Graduação,680.0,Premium,3554.24,-0.5410601458996228,73125.0,3,22.0,30.0,1,0,1.4804921526690804,2,C,0
856,35,Feminino,Colombia,Ensino Médio,690.0,Corrente,14564.96,-0.45156487889988606,,1,20.0,2.0,1,0,0.6407463809986538,98,A,0
857,32,Feminino,Brasil,Pós-Graduação,800.0,Corrente,12658.5,-0.4670606091268211,28095.69,1,24.0,6.9,1,1,-0.3254625317424196,18,C,0
858,47,Feminino,Colombia,,,Corrente,,-0.23718774310451948,,1,23.0,8.2,0,1,1.2465963142886531,80,B,0
859,35,Masculino,Brasil,Ensino Médio,686.0,Corrente,64659.71,-0.044394137428386805,117653.2,2,31.0,9.8,1,0,0.44686011639600887,19,A,0
860,49,Feminino,Brasil,Graduação,572.0,Poupança,218830.45,1.2087075253009358,43286.06,2,35.0,30.0,1,1,0.23266009197441945,89,B,0
861,44,Feminino,Brasil,Ensino Médio,617.0,Poupança,20051.14,-0.4069731406749002,52979.91,3,27.0,1.4,1,0,0.22556201710241766,30,C,0
862,23,Feminino,Brasil,Graduação,512.0,Premium,19988.51,-0.40748219808188124,42382.47,1,21.0,0.2,1,0,0.4652382172144937,6,C,0
863,60,Feminino,Brasil,Graduação,632.0,Corrente,,0.6028723149078566,,4,22.0,2.6,0,1,0.5056925012974529,27,B,0
864,63,Masculino,Argentina,Pós-Graduação,622.0,Corrente,51838.7,-0.1486034637173394,49630.17,1,15.0,0.7,1,0,2.195973052895957,15,A,0
865,34,Masculino,Brasil,Pós-Graduação,676.0,Premium,166239.0,0.7812435756542905,58751.69,2,25.0,0.1,1,0,-0.1948928116726721,31,B,0
866,37,Masculino,Brasil,Graduação,593.0,Poupança,51352.74,-0.1525533525485141,36044.3,1,31.0,2.2,1,1,-0.16404718814820396,44,C,0
867,45,Masculino,Brasil,Pós-Graduação,657.0,Poupança,9058.51,-0.49632137193310283,24519.35,3,35.0,7.7,1,1,-1.2368931875707139,86,A,0
868,46,Masculino,Brasil,Graduação,619.0,Corrente,7333.78,-0.5103399984945317,28901.13,2,35.0,4.2,1,1,-0.05189738682101813,76,B,0
869,49,Masculino,Argentina,Graduação,620.0,Poupança,5643.08,-0.5240820287992216,77537.16,2,27.0,1.9,1,1,1.862886899544819,10,B,0
870,66,Masculino,Argentina,Pós-Graduação,657.0,Corrente,80375.3,0.0833423705482391,160093.75,3,30.0,5.3,1,1,0.9844850024346564,21,A,0
871,39,Masculino,Colombia,Graduação,653.0,Poupança,151193.57,0.6589541363645938,112359.63,1,17.0,1.3,0,0,-0.5436677438753278,47,B,0
872,32,Masculino,Brasil,Graduação,718.0,Poupança,334113.01,2.145725584756919,21881.4,1,22.0,0.1,1,0,0.03004136452128492,55,A,0
873,25,Feminino,Brasil,Graduação,639.0,Poupança,99880.17,0.2418781927692343,81860.87,3,27.0,7.2,0,1,-1.2964383755849946,95,A,0
874,33,Feminino,Brasil,Graduação,618.0,Poupança,146591.68,0.6215499180888207,32928.79,1,20.0,4.9,1,1,-0.9691193442983064,36,B,0
875,41,Feminino,Colombia,Graduação,633.0,Poupança,18105.67,-0.42278594465956043,,1,18.0,7.2,1,0,0.14944115261371754,74,A,0
876,63,Masculino,Argentina,Pós-Graduação,585.0,Corrente,9066.13,-0.49625943647978665,37153.55,2,31.0,0.2,1,1,-0.49445460282045284,58,A,0
877,35,Feminino,Brasil,Ensino Médio,617.0,Corrente,100719.55,0.24870068368846934,74879.85,2,25.0,9.1,0,0,-1.0445997893784182,19,C,0
878,44,Masculino,Brasil,Pós-Graduação,832.0,Poupança,59947.05,-0.0826986956206739,87164.47,1,21.0,4.8,0,0,0.4898407647378922,87,C,0
879,41,Feminino,Argentina,Graduação,567.0,Corrente,41313.03,-0.23415623837704555,46220.62,1,27.0,4.1,0,0,-0.0822500866533239,64,C,0
880,56,Feminino,Argentina,,624.0,Corrente,,-0.10010215160192008,,1,29.0,4.9,0,0,-1.5675503716910393,10,B,0
881,72,Feminino,Chile,Graduação,615.0,Corrente,53520.64,-0.1349326347999264,64767.44,1,19.0,10.0,0,1,-2.075146966167788,49,B,0
882,35,Feminino,Brasil,Graduação,627.0,Corrente,169495.26,0.807710496811178,68926.55,3,27.0,4.4,1,0,-0.5700114985742541,54,B,1
883,36,Masculino,Colombia,Pós-Graduação,620.0,Premium,171782.2,0.8262987731375562,99283.57,4,31.0,4.3,1,1,-1.5882651434415278,61,B,0
884,54,Masculino,Brasil,Graduação,675.0,Corrente,69777.33,-0.002798059396869028,22683.13,2,24.0,23.4,1,1,-1.8689114064706538,59,A,0
885,50,Feminino,Colombia,Graduação,496.0,Poupança,100204.01,0.24451036825505126,49613.41,1,24.0,7.1,0,0,1.1289692014020853,91,A,0
886,64,Masculino,Chile,Graduação,743.0,Poupança,67297.28,-0.022955936168115375,25827.25,3,15.0,2.9,1,1,-0.09771088986529282,2,C,0
887,49,Masculino,Argentina,Ensino Médio,706.0,Corrente,,-0.4002277845918819,,2,24.0,6.1,0,0,-0.2654463782255031,75,A,0
888,37,Feminino,Argentina,Graduação,538.0,Premium,90028.14,0.16180077227907408,42800.06,1,21.0,2.5,0,1,-0.18840581615074903,8,B,0
889,49,Masculino,Brasil,Graduação,445.0,Corrente,6813.12,-0.5145719293506503,,3,30.0,1.3,1,0,-1.1378321507929698,19,A,0
890,55,Feminino,Brasil,,,Premium,,0.4755305032059074,,2,,4.5,0,0,0.41097616501416834,80,C,0
891,51,Feminino,Brasil,Graduação,628.0,Corrente,8660.89,-0.4995532321624462,20082.94,2,20.0,13.2,1,1,-0.1307003267325405,68,B,0
892,48,Masculino,Brasil,Doutorado,882.0,Corrente,51172.83,-0.15401566323173213,13951.43,2,25.0,13.2,1,1,-0.7574086559794119,14,A,0
893,54,Masculino,Brasil,Graduação,698.0,Corrente,13171.56,-0.46289045116377375,45310.4,1,24.0,2.1,1,1,-0.6076286845249997,22,C,0
894,56,Masculino,Brasil,Pós-Graduação,487.0,Corrente,70549.28,0.0034763596566030957,37850.49,1,21.0,3.8,1,1,-1.2274587132122954,17,A,0
895,58,Masculino,Chile,Ensino Médio,587.0,Poupança,34866.78,-0.2865514373192631,32677.35,2,19.0,1.2,0,1,-0.40624287290183475,63,C,0
896,49,Masculino,Brasil,Ensino Médio,645.0,Corrente,5357.71,-0.5264015196539263,108394.12,1,20.0,27.2,1,0,-0.23962788078251399,26,C,0
897,39,Masculino,Argentina,Graduação,672.0,Poupança,60164.61,-0.08093036527638556,29270.55,1,25.0,19.8,0,1,-0.4322833291299641,99,C,0
898,43,Masculino,Argentina,Ensino Médio,531.0,Corrente,18151.26,-0.42241538858125516,114702.88,2,23.0,5.2,0,0,0.05515455734158626,36,B,0
899,56,Masculino,Brasil,Graduação,637.0,Poupança,104545.33,0.27979667037982586,129872.21,2,26.0,8.2,0,0,-0.07851170476175597,45,A,0
900,32,Feminino,Brasil,Graduação,585.0,Poupança,36373.32,-0.2743062617498377,15206.22,2,32.0,6.3,1,0,0.2307685386646072,30,A,0
901,46,Feminino,Brasil,Graduação,550.0,Corrente,58366.96,-0.09554168649080905,51814.68,2,32.0,4.5,1,0,0.9430970369215944,21,B,0
902,37,Feminino,Argentina,Pós-Graduação,673.0,Corrente,11509.38,-0.4764006705592013,38568.15,3,21.0,0.3,1,0,0.5930234772130807,20,B,1
903,42,Masculino,Brasil,Doutorado,719.0,Poupança,17904.39,-0.42442195096448027,8543.43,2,27.0,3.0,1,0,0.9545898405103357,42,A,0
904,57,Masculino,Brasil,Pós-Graduação,725.0,Corrente,20944.55,-0.39971149325400174,20603.48,1,28.0,5.6,1,0,-0.8477342298262288,90,B,0
905,44,Feminino,Chile,Ensino Médio,701.0,Corrente,101523.24,0.25523308585063664,78038.82,1,34.0,5.7,1,1,-0.5086148940886572,56,B,0
906,42,Masculino,Brasil,,,Poupança,,1.6393125452801338,,1,,2.3,1,1,0.6535966839459677,12,A,0
907,25,Masculino,Argentina,Graduação,714.0,Premium,13818.92,-0.4576287011560586,84255.31,1,26.0,14.2,1,1,0.6714776714320864,8,C,0
908,50,Feminino,Brasil,,,Premium,,0.5047316876824244,,1,,0.9,1,0,-0.6786206175368819,99,B,0
909,49,Masculino,Argentina,Graduação,662.0,Poupança,2687.55,-0.5481046128333023,48397.36,1,22.0,3.5,1,1,0.6115839257817424,93,A,0
910,67,Masculino,Colombia,,,Poupança,,-0.49952510924007426,,2,,5.9,1,0,-0.9435321166459417,63,A,0
911,38,Feminino,Argentina,Ensino Médio,605.0,Premium,11492.68,-0.47653640836371325,177894.07,3,21.0,6.0,1,1,0.4810557241417938,56,A,0
912,44,Feminino,Brasil,Pós-Graduação,656.0,Poupança,7165.19,-0.5117103000791225,34471.71,1,39.0,5.2,0,0,-0.026296200865641,7,B,0
913,44,Masculino,Brasil,Pós-Graduação,869.0,Corrente,5430.0,-0.5258139456486469,14764.9,2,32.0,1.6,0,1,-1.3844356039063366,62,C,0
914,60,Masculino,Chile,Ensino Médio,677.0,Premium,59611.2,-0.08542848853356808,13920.08,2,36.0,0.8,1,0,-0.434073821759407,61,C,1
915,40,Feminino,Brasil,Graduação,594.0,Corrente,28088.59,-0.341644648646492,108350.71,1,24.0,5.1,1,1,2.1822678096954933,10,A,0
916,45,Feminino,Brasil,Pós-Graduação,575.0,Corrente,57255.93,-0.10457215193673061,47656.05,3,26.0,4.6,1,1,0.20278036280499484,50,B,0
917,49,Masculino,Argentina,,605.0,Poupança,,0.10600717013658807,,2,26.0,1.0,1,1,2.30044997671826,20,B,0
918,44,Feminino,Brasil,Graduação,845.0,Corrente,49948.13,-0.16397003982968195,16740.89,1,13.0,6.1,0,0,-1.4439265298750363,28,C,0
919,36,Feminino,Brasil,Graduação,614.0,Corrente,79962.72,0.07998891525569224,31197.29,2,24.0,3.0,1,0,0.7507417926638422,14,C,0
920,44,Masculino,Chile,Ensino Médio,731.0,Corrente,33408.35,-0.2984055742195227,41056.79,1,27.0,5.5,1,1,-2.5343361918071157,76,B,0
921,54,Feminino,Brasil,Ensino Médio,616.0,Poupança,8739.5,-0.4989142891197706,55531.35,2,24.0,9.1,1,0,-0.00023548491478317415,8,C,0
922,29,Feminino,Brasil,Pós-Graduação,673.0,Premium,129233.62,0.4804633938381403,38593.72,1,26.0,0.9,0,1,0.631217377651321,7,A,0
923,43,Masculino,Argentina,Ensino Médio,721.0,Corrente,17909.12,-0.4243835054665557,26307.37,3,37.0,0.1,1,0,0.8378900949962763,5,C,0
924,33,Feminino,Chile,Graduação,598.0,Corrente,11816.88,-0.47390130679348763,30615.44,1,28.0,7.6,0,1,-0.799269724580413,1,B,0
925,56,Masculino,Brasil,Ensino Médio,592.0,Corrente,29333.88,-0.33152291627639247,101214.16,2,18.0,4.7,1,1,1.039090421976736,73,A,0
926,23,Feminino,Argentina,Pós-Graduação,799.0,Poupança,12144.44,-0.4712388951021147,56776.1,1,24.0,6.0,1,1,-0.5337147600446945,82,B,0
927,35,Feminino,Argentina,Ensino Médio,738.0,Poupança,22006.29,-0.39108165753169655,70777.33,2,35.0,9.1,1,0,-0.16409725111239673,10,C,0
928,46,Masculino,Brasil,Graduação,721.0,Corrente,54877.83,-0.12390137785947446,28586.1,2,26.0,8.1,1,0,-0.43332221935663384,58,C,0
929,60,Feminino,Brasil,Graduação,720.0,Corrente,55160.92,-0.1216004188726911,8330.73,2,23.0,16.2,1,1,-1.1363893507323315,65,A,0
930,41,Feminino,Brasil,Graduação,691.0,Poupança,12364.74,-0.4694482940042717,35815.55,2,26.0,3.8,0,1,1.5697195874208587,60,A,0
931,35,Masculino,Argentina,Graduação,831.0,Poupança,20226.59,-0.4055470809263003,,2,21.0,3.4,1,0,0.04801781715807684,20,A,0
932,64,Masculino,Chile,Graduação,653.0,Corrente,131820.92,0.5014929999227943,60440.06,3,35.0,2.6,0,0,1.087318378658628,58,A,0
933,24,Masculino,Brasil,Pós-Graduação,701.0,Corrente,65885.93,-0.034427406251822806,352016.82,2,24.0,0.8,0,1,1.0447112417646005,43,C,0
934,18,Feminino,Chile,Doutorado,519.0,Corrente,438045.49,2.9904900549772866,74391.7,3,31.0,4.3,1,1,-0.967940214272983,29,B,0
935,47,Feminino,Argentina,Graduação,575.0,Premium,149664.86,0.6465287627636694,253109.15,3,31.0,1.6,1,1,1.2161272476716014,2,C,0
936,35,Feminino,Brasil,Ensino Médio,541.0,Poupança,143365.37,0.5953264308987077,68958.61,1,32.0,12.7,1,1,0.5034142435493226,26,C,0
937,29,Masculino,Argentina,Ensino Médio,764.0,Poupança,6867.52,-0.5141297654844558,33592.84,1,19.0,4.4,0,1,-1.0409018644728891,75,A,0
938,50,Masculino,Brasil,Pós-Graduação,420.0,Premium,90819.78,0.16823523189367437,60400.32,1,22.0,4.5,1,0,0.44885083134150466,89,A,0
939,44,Masculino,Colombia,,,Poupança,,-0.29300020223541673,,3,,2.2,1,0,-1.0229678848680677,98,B,0
940,35,Masculino,Brasil,Pós-Graduação,380.0,Premium,18747.62,-0.41756816719809736,146933.82,1,23.0,0.3,0,0,1.6064583679786404,59,B,1
941,26,Masculino,Argentina,Graduação,575.0,Corrente,44427.7,-0.20884016247410095,34710.5,2,23.0,0.2,1,1,0.8137867449220965,1,C,0
942,52,Masculino,Argentina,Pós-Graduação,605.0,Corrente,112899.56,0.3476999541275927,57062.94,3,23.0,2.8,0,0,-0.07114856219103526,31,B,0
943,49,Masculino,Brasil,Pós-Graduação,774.0,Poupança,66237.23,-0.03157203554972451,20794.42,1,36.0,0.4,1,0,1.2648036182171838,38,A,1
944,40,Feminino,Chile,Pós-Graduação,685.0,Poupança,12655.3,-0.467086618766009,80402.55,2,20.0,4.7,1,0,-1.5819876447035377,22,A,0
945,64,Feminino,Argentina,,,Corrente,,0.14951877681417336,,1,,10.6,1,0,-0.7493413001200414,66,A,0
946,29,Feminino,Chile,Graduação,745.0,Corrente,16897.06,-0.4326095415404685,50205.49,1,21.0,10.7,0,1,-0.25241972174037147,47,C,0
947,23,Masculino,Brasil,Graduação,651.0,Corrente,47099.6,-0.18712292655341664,32845.48,2,30.0,5.4,1,1,2.235684681425518,1,B,0
948,33,Feminino,Brasil,Graduação,653.0,Corrente,25234.82,-0.3648401261543969,60844.61,1,18.0,1.2,0,1,-1.0704829008734056,88,A,1
949,41,Feminino,Chile,Graduação,541.0,Corrente,27927.31,-0.3429555344615629,62973.89,1,29.0,9.9,1,0,-1.7073059417406735,50,C,0
950,44,Feminino,Argentina,Ensino Médio,560.0,Poupança,,0.17034884019818236,,3,29.0,10.9,0,1,-1.4443855144982707,36,C,0
951,39,Masculino,Argentina,Graduação,575.0,Premium,10422.97,-0.48523102434362086,54569.43,1,29.0,1.1,1,0,0.9062158692056012,45,C,1
952,46,Masculino,Colombia,Graduação,654.0,Poupança,374832.33,2.476692716374808,44166.02,4,21.0,6.7,0,1,-0.5941922705388568,36,B,1
953,26,Masculino,Brasil,Graduação,657.0,Poupança,4083.45,-0.536758720538799,89105.2,4,23.0,1.7,1,0,-0.15908666436861338,34,B,0
954,59,Masculino,Brasil,Ensino Médio,788.0,Premium,17726.2,-0.42587028146663486,76247.24,1,34.0,8.1,1,0,0.7628326416744843,9,B,0
955,41,Feminino,Brasil,Graduação,684.0,Corrente,56627.74,-0.10967808794968571,27177.32,1,30.0,29.5,0,0,-0.15808462795791162,76,C,0
956,55,Feminino,Argentina,Ensino Médio,406.0,Corrente,73216.57,0.02515612544083235,26732.78,2,33.0,0.2,0,1,0.20414660450805558,84,C,0
957,46,Masculino,Chile,Pós-Graduação,673.0,Corrente,32190.58,-0.3083036236926061,42082.0,2,29.0,11.4,1,1,0.5352151476096952,4,B,0
958,47,Masculino,Colombia,Graduação,519.0,Premium,33898.67,-0.2944202472549544,76275.13,1,21.0,4.9,0,0,-0.43067639196021534,79,A,0
959,48,Feminino,Brasil,Ensino Médio,563.0,Corrente,59436.28,-0.08685024043567746,53574.82,2,24.0,18.1,1,0,-0.166317059929684,63,B,0
960,47,Masculino,Argentina,Ensino Médio,576.0,Poupança,27521.33,-0.3462553448732847,33326.55,1,27.0,3.1,1,1,0.24195540232101154,4,C,1
961,49,Feminino,Chile,Graduação,590.0,Corrente,193264.99,1.0009111533406014,57349.03,3,22.0,9.4,1,0,0.8681792730532202,5,C,0
962,57,Feminino,Argentina,Ensino Médio,526.0,Premium,1546532.4115589634,0.23822708966823078,40195.64,1,27.0,0.3,1,0,-0.7923692641806491,10,C,1
963,44,Masculino,Brasil,Doutorado,668.0,Corrente,103506.45,0.27135264101746925,83140.89,1,30.0,2.0,1,0,-3.0205759218297796,44,C,0
964,50,Feminino,Argentina,Graduação,523.0,Poupança,11391.38,-0.4773597760042557,59864.27,1,29.0,0.3,1,1,0.6795831493856468,40,C,0
965,40,Feminino,Colombia,,,Corrente,,-0.3015982574298392,,4,,18.5,1,0,0.9277159187500846,36,C,0
966,59,Feminino,Colombia,Graduação,851.0,Corrente,25322.3,-0.36412908764309726,56325.99,2,19.0,8.5,1,1,0.20003416213017194,35,B,0
967,33,Feminino,Argentina,Graduação,530.0,Poupança,10864.74,-0.48164031237360677,107907.41,3,32.0,9.6,0,0,0.2682932189565357,59,C,0
968,63,Feminino,Chile,Pós-Graduação,624.0,Premium,55949.07,-0.11519432602083013,34829.57,1,31.0,13.9,1,0,-0.5643098941401705,65,C,0
969,41,Masculino,Brasil,Graduação,422.0,Poupança,19050.05,-0.41511001245447193,62417.08,1,20.0,0.4,1,0,0.5001834215349241,82,C,0
970,24,Masculino,Brasil,Doutorado,622.0,Premium,79736.65,0.07815141552718846,46991.58,1,25.0,2.4,1,1,0.8531668196841885,31,C,1
971,43,Masculino,Colombia,Graduação,707.0,Poupança,10054.45,-0.48822635941659914,63334.8,2,18.0,0.4,1,0,0.05649634141848441,46,C,0
972,33,Masculino,Brasil,Pós-Graduação,714.0,Poupança,285743.19,1.7525750954492976,33099.09,2,16.0,1.2,1,1,2.491248330007266,49,A,0
973,52,Feminino,Brasil,Ensino Médio,656.0,Corrente,12386.98,-0.4692675270119157,52375.87,2,24.0,1.3,1,0,-1.5637410876713795,6,B,1
974,34,Masculino,Brasil,,730.0,Corrente,,-0.18591778617766908,,1,34.0,3.2,1,0,0.162961670856347,70,B,0
975,36,Feminino,Brasil,Pós-Graduação,879.0,Corrente,93923.06,0.1934587297371345,27939.47,3,29.0,1.6,1,1,-1.1743529623173146,19,A,0
976,19,Masculino,Argentina,Graduação,804.0,Premium,18310.53,-0.4211208400707991,22078.44,1,28.0,0.5,1,1,0.87984592395689,96,A,0
977,36,Masculino,Brasil,Ensino Médio,602.0,Premium,101008.74,0.2510512235499547,22586.93,4,35.0,0.9,0,0,-1.5814754280421814,42,C,0
978,18,Feminino,Colombia,Graduação,519.0,Poupança,8308.05,-0.5024211200034037,24284.72,1,31.0,0.8,1,1,-1.3339215427176985,30,B,0
979,22,Masculino,Chile,Graduação,613.0,Corrente,207428.35,1.116031116868272,70066.07,2,17.0,18.1,1,1,-0.6331869405492045,26,B,0
980,51,Feminino,Brasil,Graduação,564.0,Corrente,36937.37,-0.26972165644235535,21088.52,1,20.0,7.1,1,0,0.2658321698553995,3,A,0
981,51,Masculino,Brasil,Graduação,690.0,Premium,17752.94,-0.4256529384191708,40997.35,1,30.0,17.2,1,0,-0.5954713886616172,33,B,0
982,47,Feminino,Argentina,Graduação,543.0,Corrente,25361.36,-0.3638116074847598,71038.24,2,25.0,2.9,1,0,-0.5854412625990931,50,B,0
983,30,Feminino,Argentina,Ensino Médio,643.0,Poupança,95865.66,0.2092482063266481,62943.67,1,32.0,1.6,1,0,-0.18089045492608516,31,C,0
984,41,Feminino,Brasil,Graduação,725.0,Corrente,18009.48,-0.42356777815752467,38896.7,1,22.0,8.0,1,1,-0.2422401590615062,84,C,0
985,41,Masculino,Brasil,Ensino Médio,640.0,Corrente,14776.17,-0.4498481614333612,54970.63,2,20.0,2.0,0,0,1.487449388318524,68,C,0
986,28,Masculino,Brasil,Doutorado,564.0,Poupança,27837.97,-0.3436816910756405,52275.71,2,25.0,1.8,1,0,0.685911119668968,96,B,0
987,60,Feminino,Brasil,Ensino Médio,755.0,Corrente,8845.33,-0.49805410158375274,42849.76,3,32.0,1.3,1,0,-0.3245767397846441,82,B,0
988,52,Feminino,Brasil,,,Corrente,,2.053417781679621,,1,,0.7,0,1,2.097011911213614,10,C,0
989,39,Masculino,Argentina,Graduação,620.0,Premium,18404.06,-0.42036062708540983,187447.95,2,24.0,1.5,1,1,0.49166117485600924,22,C,0
990,42,Masculino,Argentina,Graduação,646.0,Poupança,98512.64,0.23076289218215645,79665.07,2,21.0,2.2,0,0,-0.9689620553135486,63,B,0
991,44,Masculino,Argentina,Ensino Médio,651.0,Poupança,46693.68,-0.19042224928440363,217160.19,1,27.0,5.6,0,0,0.2565137399918442,54,B,0
992,18,Masculino,Brasil,Graduação,666.0,Poupança,11142.91,-0.47937934320707476,36381.73,2,28.0,0.3,0,0,0.5355125448653145,51,A,0
993,39,Feminino,Argentina,Graduação,704.0,Corrente,36056.93,-0.2768778835444203,46584.36,1,18.0,1.2,1,1,-0.6876247190613484,81,C,1
994,33,Masculino,Brasil,,646.0,Corrente,,0.1862952687041704,,1,15.0,8.3,0,0,-1.0525089108060393,4,C,0
995,29,Masculino,Brasil,Ensino Médio,616.0,Corrente,28972.04,-0.3344639562275659,30159.64,1,28.0,0.8,1,1,0.086459090042442,37,C,1
996,38,Feminino,Argentina,Pós-Graduação,613.0,Corrente,152015.16,0.6656320299459684,153452.74,1,27.0,2.1,1,0,-0.3602217713060356,71,B,0
997,63,Masculino,Argentina,Doutorado,594.0,Corrente,123725.23,0.43569113246116586,35838.55,2,22.0,10.0,1,1,1.4791278884554424,63,B,0
998,49,Feminino,Brasil,Graduação,720.0,Poupança,109392.52,0.31919469005959744,155060.21,2,26.0,0.8,1,1,0.7411558240849149,51,A,0
999,35,Feminino,Argentina,Graduação,591.0,Corrente,20918.97,-0.39991940780726015,23248.19,4,26.0,0.4,1,1,-0.6407752740865805,8,A,0
1000,48,Masculino,Chile,Graduação,726.0,Poupança,9938.68,-0.4891673393943444,26053.79,2,19.0,3.3,1,0,0.42593811094858863,1,C,0
1001,58,Feminino,Brasil,Graduação,651.0,Corrente,17390.77,-0.4285966606143855,39945.1,1,23.0,1.8,1,1,1.2671281427247396,8,A,0
1002,53,Masculino,Argentina,Ensino Médio,603.0,Corrente,45958.27,-0.1963996707703988,47181.17,3,29.0,4.1,0,0,-1.39380444589965,83,B,0
1003,42,Masculino,Colombia,Graduação,705.0,Corrente,1968899.76803049,-0.0017310139491848303,85293.4,3,35.0,8.1,1,0,-1.0227782409877522,81,A,0
1004,34,Masculino,Argentina,Pós-Graduação,584.0,Poupança,2681.45,-0.5481541937080042,64245.2,1,24.0,0.7,1,1,-0.011168617279531112,55,A,0
1005,50,Masculino,Brasil,Ensino Médio,707.0,Corrente,35963.66,-0.27763598324662553,38185.49,2,26.0,4.3,1,1,0.03560196790503425,9,B,0
1006,46,Masculino,Brasil,Graduação,669.0,Poupança,43901.65,-0.21311590331622673,45252.38,4,14.0,3.5,1,1,-0.05219750546286038,51,C,0
1007,52,Masculino,Brasil,Pós-Graduação,596.0,Poupança,26028.49,-0.35838916667493675,40479.96,2,22.0,0.8,1,0,-0.3107771787876778,16,C,1
1008,49,Feminino,Brasil,Ensino Médio,697.0,Corrente,171018.77,0.8200936047484216,28316.72,3,28.0,4.9,0,1,-0.3260603224520199,53,A,0
1009,54,Feminino,Argentina,Ensino Médio,699.0,Poupança,60242.66,-0.0802959739205678,28773.85,1,26.0,1.6,1,0,0.3842581368216289,59,B,0
1010,35,Feminino,Brasil,Pós-Graduação,754.0,Premium,174945.59,0.8520108457971366,90828.68,1,32.0,3.3,1,0,1.133942553639173,45,B,1
1011,57,Feminino,Colombia,Graduação,736.0,Poupança,28024.86,-0.3421626468669438,16368.29,1,22.0,0.4,1,1,-0.4809527296884268,37,A,0
1012,44,Masculino,Brasil,Ensino Médio,694.0,Corrente,111856.6,0.3392227624752716,129367.86,2,31.0,3.1,1,0,2.438399345170654,91,C,0
1013,66,Masculino,Argentina,Graduação,548.0,Poupança,258352.36,1.5299420937750743,39902.87,3,29.0,1.8,1,1,1.9606914357403167,66,C,0
1014,33,Masculino,Brasil,Graduação,870.0,Poupança,175261.1,0.8545753149409426,30837.75,4,23.0,8.6,1,0,1.3292556295800815,64,C,0
1015,62,Masculino,Brasil,Pós-Graduação,523.0,Corrente,9793.07,-0.490350859257517,76408.99,1,28.0,0.3,1,0,0.6224833345615618,36,B,0
1016,44,Feminino,Chile,Graduação,735.0,Corrente,26784.77,-0.35224211357336294,119506.97,1,28.0,2.7,1,1,2.007988106470156,76,B,1
1017,34,Masculino,Brasil,Graduação,688.0,Corrente,23999.84,-0.3748780587182379,95853.81,3,20.0,3.1,1,1,-0.29011536499940843,50,B,0
1018,36,Masculino,Brasil,Graduação,544.0,Corrente,65323.39,-0.03899973826081326,66244.73,2,26.0,6.5,1,0,-0.8326044119902345,99,C,0
1019,38,Masculino,Brasil,Doutorado,638.0,Corrente,82753.72,0.10267419743490172,94100.45,1,18.0,4.3,0,0,-0.5259720594039843,95,A,0
1020,47,Masculino,Brasil,Ensino Médio,642.0,Corrente,13270.9,-0.4620830144272339,17502.54,2,26.0,5.5,1,1,-1.0029428030900815,53,B,0
1021,48,Masculino,Argentina,Ensino Médio,767.0,Corrente,39395.47,-0.24974218953991364,35842.93,2,41.0,7.5,1,0,0.12180132231336971,57,B,0
1022,35,Masculino,Colombia,Doutorado,585.0,Premium,3216.62,-0.5438043253941929,28375.97,2,33.0,9.9,1,0,0.2998304641277433,19,A,0
1023,41,Feminino,Brasil,Doutorado,626.0,Poupança,204911.61,1.0955750233277115,102209.84,2,23.0,1.9,1,1,0.20083983868110694,26,C,0
1024,67,Masculino,Brasil,Ensino Médio,439.0,Premium,19636.61,-0.4103424455913272,38945.29,1,33.0,3.9,1,0,-0.012431352181799788,68,B,0
1025,62,Feminino,Argentina,Ensino Médio,806.0,Poupança,38833.43,-0.25431045754278103,81409.23,4,26.0,9.2,1,1,0.13315452817161547,43,C,0
1026,47,Masculino,Colombia,Graduação,553.0,Corrente,25044.77,-0.3663848548817917,67610.2,2,31.0,22.8,0,1,1.7363238088498891,95,B,0
1027,42,Masculino,Colombia,Ensino Médio,679.0,Corrente,143664.08,0.5977543494367771,29220.21,1,30.0,11.0,1,1,0.6200518676390839,58,B,0
1028,43,Feminino,Argentina,Graduação,640.0,Poupança,1205.91,-0.5601474008977966,,1,24.0,2.3,1,0,0.9225087966048213,77,A,1
1029,49,Feminino,Brasil,Ensino Médio,641.0,Corrente,35598.81,-0.28060148851466016,106541.58,2,25.0,1.1,1,1,0.19078993668678795,59,A,0
1030,29,Masculino,Brasil,Ensino Médio,722.0,Corrente,31984.85,-0.30997579965202166,30782.77,1,20.0,3.4,1,0,-1.6155886984680774,46,A,0
1031,38,Feminino,Brasil,Graduação,800.0,Corrente,21070.65,-0.39868655090975297,52834.55,1,30.0,6.8,1,0,-1.8138824704695111,68,A,0
1032,21,Masculino,Brasil,Doutorado,672.0,Corrente,288217.84,1.7726890809544145,30652.68,2,27.0,3.4,1,0,2.082809990208515,40,C,0
1033,46,Masculino,Argentina,Graduação,708.0,Corrente,12521.53,-0.4681739029641863,40604.28,1,31.0,3.3,0,0,-0.5318222752312214,13,C,1
1034,49,Feminino,Argentina,Graduação,679.0,Corrente,91688.79,0.1752985558157649,47681.69,2,24.0,9.1,1,0,-0.6167513441519322,9,C,0
1035,36,Feminino,Argentina,Doutorado,741.0,Corrente,55687.07,-0.11732386522934066,30646.69,1,32.0,2.2,1,1,0.24566324137724918,66,A,0
1036,60,Masculino,Brasil,Graduação,608.0,Poupança,165020.19,0.771337073048471,27549.28,2,30.0,9.8,1,0,0.5504029783299276,99,B,0
1037,27,Masculino,Argentina,Graduação,746.0,Corrente,,-0.4374024678018215,,1,17.0,2.6,1,0,0.6768621373344127,53,C,0
1038,24,Feminino,Brasil,Graduação,749.0,Poupança,15069.64,-0.44746283367946205,29529.87,1,21.0,2.0,0,1,1.774418532880004,76,A,0
1039,44,Masculino,Brasil,Ensino Médio,747.0,Poupança,135304.61,0.52980847490484,30139.91,1,17.0,3.0,0,0,1.5007363826579414,81,A,0
1040,54,Masculino,Brasil,Graduação,590.0,Poupança,60499.21,-0.07821073237879922,27905.19,3,29.0,7.2,0,1,-0.8109332246388214,4,A,0
1041,62,Masculino,Chile,Graduação,634.0,Corrente,5687.78,-0.5237187066518154,46782.06,3,28.0,0.7,0,1,0.9687345734217893,14,C,0
1042,36,Feminino,Brasil,,671.0,Poupança,,-0.41541798283848136,,1,18.0,1.1,1,1,-0.38409091821079866,85,B,0
1043,54,Masculino,Chile,Ensino Médio,526.0,Corrente,57737.33,-0.10065932684139867,121044.94,2,32.0,15.1,0,0,-0.13750874443077665,8,C,0
1044,41,Feminino,Brasil,Graduação,793.0,Corrente,99242.05,0.23669154559467429,31711.96,2,27.0,1.0,1,1,-1.0939892059513625,97,A,0
1045,39,Feminino,Brasil,Graduação,648.0,Poupança,16073.44,-0.43930393498670295,178115.32,4,24.0,4.2,0,1,-1.6930728538314095,62,A,0
1046,52,Masculino,Chile,Ensino Médio,675.0,Corrente,1099.81,-0.561009782997121,26827.35,1,30.0,4.3,1,1,-0.03156171263228887,45,A,0
1047,49,Feminino,Brasil,Ensino Médio,598.0,Corrente,68041.14,-0.016909832978639638,93913.47,2,25.0,3.4,1,0,-0.9559819161112457,92,C,0
1048,23,Feminino,Brasil,Pós-Graduação,530.0,Corrente,8396.88,-0.5016991086755717,31792.39,1,22.0,5.2,1,1,0.9278136785720363,67,B,0
1049,59,Masculino,Brasil,Graduação,595.0,Corrente,3226.63,-0.5437229639916081,29069.54,1,25.0,1.3,1,1,-0.2810782435201214,62,C,0
1050,58,Masculino,Colombia,Ensino Médio,669.0,Corrente,1213.43,-0.5600862782457051,31355.54,4,20.0,4.0,1,0,0.3085902189498734,78,A,0
1051,34,Feminino,Brasil,Graduação,710.0,Premium,96449.71,0.21399537187905487,47502.2,2,23.0,2.3,0,1,1.3675257539154317,83,A,0
1052,46,Feminino,Brasil,Ensino Médio,664.0,Corrente,42376.15,-0.2255151859978405,69423.68,1,23.0,5.4,1,1,-1.485295181782108,70,A,0
1053,47,Masculino,Brasil,Pós-Graduação,681.0,Corrente,27700.68,-0.3447975858769245,73271.05,1,23.0,0.8,1,1,-0.7246173885496873,36,C,0
1054,45,Feminino,Brasil,Pós-Graduação,619.0,Poupança,192303.33,0.9930947690838982,27822.74,2,33.0,4.2,0,0,0.18088362456584986,84,C,0
1055,35,Feminino,Brasil,,,Poupança,,0.06424227329071626,,2,,1.0,1,1,0.3125248158232605,1,C,0
1056,33,Feminino,Argentina,Pós-Graduação,783.0,Premium,252599.38,1.4831818018827962,28283.02,1,33.0,1.6,0,0,1.1034975012723258,60,A,0
1057,41,Feminino,Argentina,Ensino Médio,713.0,Premium,6827.52,-0.5144548859743048,45852.61,4,26.0,1.2,1,1,0.867153129040598,74,C,0
1058,56,Masculino,Brasil,Pós-Graduação,722.0,Poupança,34840.62,-0.28676406611962424,43213.43,1,15.0,1.0,0,0,0.09693362573073926,13,B,0
1059,48,Masculino,Argentina,Ensino Médio,676.0,Premium,5218.39,-0.5275339143200702,27719.59,1,18.0,8.7,0,0,0.3034046705972552,12,B,0
1060,37,Feminino,Chile,Graduação,514.0,Corrente,27577.11,-0.34580196435019034,57627.91,3,29.0,1.7,1,0,0.33107589099048995,75,B,0
1061,51,Masculino,Colombia,Pós-Graduação,555.0,Poupança,26947.91,-0.35091610965551406,190525.49,1,23.0,13.1,1,1,-1.4697123646737555,17,C,0
1062,18,Feminino,Brasil,Graduação,690.0,Premium,77028.93,0.05614303420784445,36212.9,1,22.0,17.5,1,1,-0.1563754773549615,47,A,0
1063,55,Masculino,Brasil,Doutorado,649.0,Poupança,38356.4,-0.25818776322459697,37793.52,2,27.0,4.2,0,0,0.2484732179970922,53,A,0
1064,21,Masculino,Chile,Ensino Médio,689.0,Premium,76733.11,0.053738605625166705,,3,25.0,0.8,1,0,0.45855085878510643,93,A,1
1065,37,Masculino,Brasil,Graduação,800.0,Corrente,84468.01,0.11660796754847998,35056.29,1,24.0,2.3,1,0,-0.9243634400641593,67,A,1
1066,28,Feminino,Brasil,Ensino Médio,715.0,Corrente,482103.65,3.3485953190033566,73231.34,3,21.0,8.0,1,1,-1.268797912528891,93,A,0
1067,26,Feminino,Chile,Graduação,763.0,Premium,24875.63,-0.36775962687311786,31852.6,2,23.0,2.3,1,0,-0.23453259251808048,10,C,0
1068,55,Masculino,Brasil,Ensino Médio,658.0,Corrente,11740.18,-0.47452472533277296,147159.42,1,23.0,0.5,1,0,1.967366111091494,46,B,0
1069,36,Masculino,Brasil,Ensino Médio,577.0,Poupança,48790.96,-0.17337553176064424,60286.59,2,16.0,4.1,0,1,-0.8192475127286687,83,C,0
1070,46,Masculino,Brasil,Graduação,644.0,Corrente,13866.96,-0.45723823144775,33792.23,1,32.0,9.3,1,0,1.1739282473548094,4,A,0
1071,41,Feminino,Chile,Pós-Graduação,577.0,Poupança,214991.32,1.1775030296460922,34433.49,1,23.0,7.9,0,0,1.58473964304512,57,C,0
1072,47,Masculino,Brasil,Ensino Médio,790.0,Premium,25851.87,-0.3598247361978648,36016.06,2,27.0,1.0,1,0,0.04546652623319363,38,C,0
1073,42,Feminino,Chile,Pós-Graduação,721.0,Corrente,18422.14,-0.4202136726239981,111708.69,4,29.0,5.6,0,1,-0.6798479346534511,12,C,0
1074,26,Masculino,Argentina,Ensino Médio,696.0,Corrente,20628.34,-0.4022816520063801,22896.73,1,26.0,1.2,1,1,0.5128195636582255,31,A,0
1075,53,Masculino,Brasil,Ensino Médio,761.0,Corrente,85999.86,0.12905886310785733,32834.5,1,28.0,1.2,0,1,0.19499029209949587,2,A,1
1076,36,Feminino,Brasil,Graduação,468.0,Premium,30052.57,-0.3256813951551542,34996.51,2,22.0,10.4,1,0,-0.8591039801903084,1,A,0
1077,23,Masculino,Brasil,Doutorado,702.0,Poupança,16814.55,-0.43328018383090433,48561.54,1,21.0,1.4,0,1,-0.6588028263717759,81,C,0
1078,36,Masculino,Argentina,Ensino Médio,532.0,Corrente,267914.26,1.6076613340722379,41661.56,1,12.0,1.5,1,0,0.4535798521453311,25,C,0
1079,60,Masculino,Brasil,,,Corrente,,-0.46429635344200304,,1,,0.0,0,1,0.9334404081685476,5,B,0
1080,52,Masculino,Chile,Pós-Graduação,621.0,Poupança,37898.97,-0.261905759866387,38565.23,2,25.0,10.2,1,1,-0.3227902013153876,48,B,0
1081,37,Masculino,Brasil,,,Poupança,,0.07574674310414334,,1,,7.9,1,1,-0.06913356488805313,14,A,0
1082,37,Masculino,Brasil,Pós-Graduação,670.0,Corrente,5127.62,-0.5282716939916599,33628.91,1,25.0,4.9,1,0,0.6686385705110801,52,B,0
1083,38,Feminino,Brasil,Ensino Médio,771.0,Corrente,64622.16,-0.044699344288232454,74018.13,3,36.0,6.9,0,1,-0.17248688417393548,74,A,0
1084,66,Feminino,Argentina,,,Poupança,,-0.4867337312477027,,3,,0.8,0,1,-0.29932697329588437,21,A,0
1085,46,Feminino,Brasil,Graduação,713.0,Poupança,97473.84,0.22231951306077957,46768.63,2,22.0,3.1,1,0,-0.7553408197272258,25,C,0
1086,47,Masculino,Brasil,Graduação,664.0,Premium,11439.4,-0.476969468856192,56292.97,1,21.0,2.2,0,1,-0.7726846233740311,99,B,0
1087,54,Feminino,Chile,Pós-Graduação,502.0,Corrente,83393.27,0.10787246766697392,13404.78,2,21.0,0.5,0,1,2.6688827582232557,67,A,0
1088,44,Feminino,Brasil,Pós-Graduação,567.0,Poupança,136899.13,0.5427687529916883,38075.96,1,24.0,3.3,1,1,-0.19620166007908182,82,A,0
1089,38,Masculino,Brasil,Graduação,636.0,Poupança,102101.62,0.25993416557360727,89580.51,1,33.0,12.7,0,1,1.365058321512224,50,B,1
1090,39,Feminino,Argentina,,,Premium,,-0.1708773871967675,,2,,0.2,0,0,1.6839933375190708,33,B,0
1091,41,Feminino,Argentina,Graduação,691.0,Corrente,27513.69,-0.3463174428868458,31496.86,1,18.0,1.7,1,1,-0.18358228949315925,17,B,0
1092,41,Masculino,Brasil,Ensino Médio,544.0,Corrente,18183.98,-0.4221494400205587,192261.82,1,19.0,1.2,1,1,0.36842980843476897,70,B,1
1093,50,Feminino,Brasil,Graduação,637.0,Corrente,212190.9,1.1547411815915232,146012.32,1,23.0,1.4,0,0,0.1024784820330321,34,B,0
1094,42,Masculino,Chile,Graduação,831.0,Premium,15687.28,-0.4424426481957046,64896.24,1,31.0,12.0,1,0,-1.6121823506586768,26,B,0
1095,50,Masculino,Brasil,Ensino Médio,660.0,Corrente,10462.17,-0.48491240626356896,97085.41,1,28.0,3.2,1,0,-1.5519730122481623,42,B,0
1096,41,Masculino,Argentina,Graduação,620.0,Corrente,80695.87,0.08594796743401087,3496342.8721851353,4,20.0,3.1,1,0,0.04884846690427288,31,A,0
1097,42,Feminino,Brasil,Graduação,694.0,Poupança,13969.56,-0.45640429739128746,30560.67,1,16.0,7.1,0,1,-0.42491353860859626,51,C,0
1098,18,Masculino,Brasil,Pós-Graduação,718.0,Corrente,11613.5,-0.4755543819241245,36976.03,1,21.0,0.8,1,0,1.89158033839359,92,A,1
1099,52,Feminino,Brasil,Pós-Graduação,608.0,Corrente,6423.22,-0.5177410413254528,42549.01,1,25.0,3.3,1,0,-0.23657293869461854,36,A,0
1100,46,Feminino,Brasil,Graduação,695.0,Corrente,20343.33,-0.4045982167766762,36535.28,3,26.0,2.8,1,0,1.9509289970681247,13,C,0
1101,53,Feminino,Argentina,Ensino Médio,620.0,Poupança,32884.02,-0.302667334880585,10614.58,2,20.0,4.5,0,0,-0.47639139613554427,85,C,0
1102,18,Masculino,Brasil,Graduação,714.0,Poupança,48616.1,-0.1747967959820189,61797.29,1,18.0,30.0,0,0,1.9122004206089338,90,C,0
1103,67,Feminino,Brasil,Pós-Graduação,665.0,Poupança,113728.29,0.35443588171640533,67927.24,3,28.0,7.3,1,0,0.5064244969473461,95,B,0
1104,40,Feminino,Colombia,,693.0,Premium,,-0.014465739696200287,,1,22.0,2.5,1,0,0.5632918957711972,80,B,0
1105,55,Masculino,Brasil,Graduação,581.0,Corrente,28881.41,-0.3352005979774412,30546.78,1,24.0,8.8,1,1,-0.5117639567336494,95,B,0
1106,29,Feminino,Chile,Doutorado,576.0,Poupança,28628.71,-0.33725454667206184,,1,27.0,0.9,1,0,0.5769171804036888,13,A,0
1107,49,Feminino,Colombia,Graduação,735.0,Corrente,66982.65,-0.025513252661144677,9818.36,1,28.0,0.2,1,1,1.6927134330812508,94,C,1
1108,29,Feminino,Colombia,Ensino Médio,642.0,Corrente,,0.7892424337859213,,1,22.0,1.1,1,0,-0.14482749406013753,32,C,0
1109,34,Masculino,Chile,Ensino Médio,675.0,Corrente,42259.19,-0.2264658383101588,84176.16,2,30.0,2.1,0,0,-0.3393968153666179,5,A,0
1110,64,Masculino,Brasil,Graduação,622.0,Corrente,20682.5,-0.4018414388631246,33960.02,1,21.0,3.6,1,0,-0.24676253886008834,12,B,0
1111,39,Masculino,Colombia,Pós-Graduação,730.0,Corrente,11032.06,-0.4802803333645687,177383.07,2,25.0,4.8,1,0,1.620111605006437,59,C,0
1112,44,Masculino,Chile,Graduação,595.0,Corrente,6410.89,-0.5178412597164488,42025.97,1,29.0,12.1,1,0,0.8553512070010864,41,A,0
1113,52,Feminino,Chile,Graduação,637.0,Poupança,80783.14,0.08665729906273882,53540.59,1,23.0,3.6,1,0,1.4476799904711186,37,B,0
1114,47,Feminino,Brasil,Graduação,720.0,Corrente,72662.03,0.020648817529811566,21636.53,1,33.0,3.5,1,0,0.3136227104842696,68,A,0
1115,43,Feminino,Colombia,Graduação,755.0,Poupança,72608.42,0.020213074793291527,58240.26,3,28.0,0.3,1,1,0.03931935677783195,48,B,0
1116,46,Feminino,Argentina,Graduação,602.0,Corrente,31120.08,-0.31700466080218825,14949.13,1,26.0,0.2,0,0,0.4239440390706323,43,A,1
1117,70,Feminino,Argentina,Ensino Médio,826.0,Corrente,196481.13,1.0270519786461705,74326.2,2,24.0,4.0,1,1,1.07015853441254,93,B,0
1118,41,Masculino,Brasil,Graduação,678.0,Corrente,20313.84,-0.40483791185781737,75709.35,1,21.0,2.9,1,1,-0.24711824258786486,41,A,0
1119,44,Feminino,Brasil,,,Corrente,,0.3588424022755729,,1,,9.1,0,1,1.3686769933567864,56,A,0
1120,54,Masculino,Colombia,Ensino Médio,683.0,Corrente,34665.79,-0.2881850865006315,26582.78,1,18.0,0.9,1,0,0.3658305570658767,69,A,0
1121,55,Masculino,Brasil,Graduação,615.0,Poupança,17500.4,-0.42770558663183206,,1,31.0,0.1,0,1,-2.4062781380301783,11,A,1
1122,56,Feminino,Brasil,Doutorado,689.0,Poupança,73942.01,0.03105251064473255,68753.98,1,22.0,3.0,1,0,0.8834934271051945,94,C,0
1123,49,Masculino,Chile,Graduação,646.0,Corrente,59371.13,-0.08737978043351892,63918.81,1,28.0,1.4,1,0,-1.2723050132619824,9,C,0
1124,28,Masculino,Brasil,Doutorado,656.0,Corrente,55735.21,-0.11693258271980746,29167.79,2,27.0,0.3,1,0,0.8591727606739874,28,C,0
1125,61,Feminino,Brasil,Ensino Médio,567.0,Poupança,40035.99,-0.24453603513596267,11670.4,1,32.0,6.4,1,1,0.9015179982381663,22,C,0
1126,28,Masculino,Brasil,Pós-Graduação,739.0,Corrente,34701.16,-0.28789759870748255,60365.69,2,24.0,0.6,1,0,0.32989259738120824,75,A,0
1127,45,Masculino,Brasil,Ensino Médio,545.0,Corrente,637969.91,4.615478189056396,44734.5,1,30.0,4.7,1,1,0.5436808988766937,85,C,0
1128,32,Masculino,Brasil,Graduação,550.0,Poupança,150408.16,0.6525703142662874,34891.47,2,24.0,1.6,0,0,1.0988707878439867,6,C,0
1129,41,Masculino,Brasil,Graduação,683.0,Poupança,86456.12,0.13276734997531917,77525.89,2,21.0,1.0,1,1,-0.49562767381072753,26,A,0
1130,45,Masculino,Brasil,Graduação,794.0,Poupança,41529.49,-0.23239684884622802,47717.25,1,18.0,2.4,0,1,0.7934296597024786,16,C,0
1131,45,Feminino,Argentina,Pós-Graduação,618.0,Poupança,121611.72,0.4185124972986503,22214.11,1,20.0,8.1,0,1,1.1630233029570363,14,C,0
1132,47,Masculino,Chile,Graduação,713.0,Corrente,67615.58,-0.020368789870142446,15384.7,2,28.0,2.5,0,1,1.7600825975384784,35,B,0
1133,61,Feminino,Brasil,Graduação,746.0,Corrente,37475.61,-0.2653468351309481,24899.97,3,20.0,6.9,0,1,-1.1057802860597032,42,C,0
1134,47,Masculino,Brasil,Pós-Graduação,723.0,Corrente,25228.33,-0.3648928769538749,206036.24,1,21.0,0.7,1,1,0.40851606498776816,53,B,0
1135,39,Masculino,Brasil,Graduação,621.0,Poupança,32955.03,-0.30209016473098066,,1,26.0,7.4,1,0,-0.9614891990614646,22,C,0
1136,53,Feminino,Chile,Ensino Médio,551.0,Premium,808.75,-0.5633755222415068,54894.44,3,29.0,1.4,0,0,-1.0039220177014978,53,A,0
1137,56,Feminino,Colombia,Ensino Médio,451.0,Corrente,46757.08,-0.18990693330799308,43958.59,1,34.0,5.7,1,1,0.3590277724059801,66,C,0
1138,27,Feminino,Brasil,Graduação,626.0,Corrente,20207.9,-0.40569899347518223,,2,24.0,4.2,0,0,0.07745581479613853,13,A,0
1139,49,Feminino,Brasil,Pós-Graduação,756.0,Corrente,245537.26,1.4257808040384972,98747.13,1,30.0,13.2,1,1,1.1450014785219849,11,C,0
1140,50,Masculino,Argentina,Ensino Médio,548.0,Corrente,37168.35,-0.2678442481737227,36520.99,1,19.0,2.4,1,0,-0.34617644959420923,12,C,0
1141,38,Masculino,Argentina,Ensino Médio,713.0,Corrente,8718.86,-0.49908205129253264,69296.68,2,24.0,0.3,0,1,-0.1340514361970109,97,A,0
1142,58,Feminino,Brasil,Ensino Médio,564.0,Poupança,34205.57,-0.29192576029658845,39772.99,2,25.0,0.1,1,0,0.21150426233818476,86,A,1
1143,40,Masculino,Argentina,Graduação,659.0,Premium,10349.1,-0.4858314406082494,157014.59,1,26.0,8.8,1,0,-0.861828851436456,53,A,0
1144,43,Masculino,Argentina,Ensino Médio,713.0,Corrente,64092.9,-0.049001176049668665,76525.03,2,17.0,3.7,1,0,-0.723069845015931,9,A,0
1145,39,Masculino,Colombia,Ensino Médio,590.0,Corrente,51489.69,-0.15144022127139378,103500.74,2,32.0,7.5,0,1,1.1160986657725531,71,B,0
1146,42,Feminino,Brasil,Graduação,665.0,Corrente,114623.44,0.3617116718786123,34522.07,2,22.0,1.3,1,0,-0.5489550412811088,17,B,0
1147,28,Masculino,Colombia,Pós-Graduação,612.0,Corrente,14057.93,-0.4556860249490887,92492.39,1,32.0,2.1,1,1,1.1824765664496855,61,A,1
1148,24,Masculino,Brasil,Graduação,713.0,Corrente,37828.18,-0.26248114185329713,40637.78,2,26.0,0.2,0,1,0.6073125806682945,10,B,0
1149,61,Masculino,Argentina,Graduação,671.0,Poupança,7058.4,-0.5125782905068967,52366.42,2,25.0,16.3,0,1,-1.5475310254889354,38,C,0
1150,31,Feminino,Brasil,Ensino Médio,655.0,Corrente,84271.06,0.1150071555365863,130748.2,2,33.0,5.5,1,0,0.5303786918377881,39,C,0
1151,30,Masculino,Brasil,Pós-Graduação,790.0,Premium,67686.73,-0.019790481798823697,26221.5,2,30.0,13.5,0,0,0.5224798230941273,89,C,0
1152,18,Masculino,Argentina,Graduação,709.0,Poupança,65838.89,-0.0348097479478851,55378.61,1,16.0,1.5,0,0,0.4229286085112854,91,B,1
1153,34,Feminino,Brasil,Doutorado,587.0,Poupança,36386.13,-0.2742021419129636,63755.02,2,27.0,4.7,1,0,-0.14187672638301077,94,B,0
1154,26,Feminino,Brasil,Doutorado,642.0,Corrente,59738.23,-0.08439598713793027,66970.17,2,22.0,5.7,1,1,-0.9400674553918519,30,C,0
1155,61,Feminino,Brasil,Pós-Graduação,643.0,Poupança,248999.69,1.4539234774801884,37403.86,1,30.0,1.9,0,1,1.3462127661126204,34,A,0
1156,54,Feminino,Brasil,Ensino Médio,657.0,Corrente,25793.73,-0.3602972988298602,171400.54,1,27.0,9.4,0,0,-0.1015795887228356,33,C,0
1157,33,Masculino,Brasil,Graduação,877.0,Corrente,42889.15,-0.2213455157155279,22539.87,1,25.0,14.7,1,1,-0.883406160335368,32,B,0
1158,69,Masculino,Colombia,Ensino Médio,683.0,Corrente,9864.01,-0.4897742580687699,117633.75,2,19.0,10.8,0,1,0.45746868608800834,12,C,0
1159,53,Masculino,Brasil,Pós-Graduação,466.0,Premium,12811.35,-0.4658182424549859,101624.44,1,28.0,6.7,1,1,-0.7427799707332572,87,C,0
1160,38,Feminino,Brasil,Pós-Graduação,601.0,Corrente,40838.31,-0.23801476835057273,153358.45,2,21.0,1.6,1,1,-0.9490860282851212,93,B,0
1161,18,Masculino,Brasil,Doutorado,476.0,Corrente,136587.44,0.5402353328546629,18902.77,3,26.0,1.7,1,1,-0.3754726122024387,65,B,1
1162,69,Feminino,Brasil,Graduação,620.0,Corrente,26701.18,-0.3529215341170248,29106.04,2,28.0,16.5,0,0,-0.6653977643180745,84,B,0
1163,25,Feminino,Brasil,Graduação,471.0,Corrente,27361.72,-0.3475526569079044,119990.26,3,18.0,0.1,1,1,-0.9122422519845744,10,B,1
1164,22,Masculino,Brasil,Graduação,571.0,Corrente,22286.53,-0.38880386337981493,15895.26,4,22.0,6.3,0,1,0.806411762261759,19,C,0
1165,54,Masculino,Brasil,Graduação,513.0,Corrente,19116.21,-0.4145722631642618,,1,28.0,6.1,1,1,-0.11382781446239938,23,B,0
1166,71,Masculino,Brasil,Graduação,684.0,Poupança,51738.93,-0.14941439549914506,36571.16,2,28.0,4.9,1,0,1.2522799455158922,85,A,0
1167,58,Masculino,Argentina,Graduação,650.0,Corrente,6022.7,-0.5209964727903104,55005.93,1,28.0,23.1,0,0,-0.8545094777299357,57,B,0
1168,48,Masculino,Argentina,Pós-Graduação,677.0,Poupança,168911.04,0.8029619494966893,127431.6,3,29.0,1.9,1,0,-1.727561037636336,99,B,0
1169,49,Feminino,Brasil,Graduação,640.0,Poupança,16341.99,-0.43712115729797973,43863.62,1,24.0,2.1,1,0,0.14877034924941623,59,C,0
1170,52,Masculino,Brasil,Pós-Graduação,524.0,Corrente,86360.37,0.13198909280274326,34032.0,4,34.0,0.4,0,1,1.8559789218064155,96,A,0
1171,51,Masculino,Chile,Pós-Graduação,696.0,Poupança,7910.94,-0.5056488349465014,59091.0,2,21.0,2.9,0,1,0.5309868293620021,54,A,0
1172,45,Masculino,Brasil,Graduação,823.0,Poupança,81032.71,0.08868580707902884,64975.0,2,30.0,1.5,0,0,3.2153741962128324,74,A,0
1173,43,Feminino,Colombia,Graduação,686.0,Poupança,81335.15,0.09114404310277656,63878.87,1,22.0,2.1,1,0,0.3320591209490886,2,B,0
1174,41,Feminino,Brasil,Graduação,611.0,Poupança,57586.44,-0.10188576260923131,44055.62,1,24.0,9.0,1,1,0.23555221128809037,48,C,0
1175,32,Feminino,Brasil,Graduação,521.0,Poupança,11011.39,-0.4804483393776981,15168.08,2,28.0,13.7,1,0,-2.1553626710579175,6,C,0
1176,38,Feminino,Argentina,Ensino Médio,568.0,Corrente,48994.23,-0.1717233507113544,28266.44,1,16.0,1.0,0,0,0.42794744058852835,43,B,1
1177,21,Masculino,Chile,Graduação,690.0,Poupança,8780.89,-0.4985778706928994,114939.67,3,23.0,2.3,0,1,0.16866776001929132,17,A,0
1178,40,Masculino,Brasil,Doutorado,746.0,Corrente,26814.13,-0.3520034751338138,54843.63,1,30.0,13.2,1,0,-0.40742119820453704,79,A,0
1179,30,Masculino,Brasil,Ensino Médio,673.0,Poupança,,0.445267150089054,,2,17.0,0.3,1,0,-0.1367788670590703,36,C,0
1180,28,Masculino,Brasil,,,Corrente,,0.19790784108047227,,1,,0.5,1,0,-0.06810057434217907,24,B,0
1181,44,Feminino,Colombia,Pós-Graduação,713.0,Poupança,36983.22,-0.269348987080866,24882.75,2,21.0,0.9,1,1,-0.17992915293206393,61,A,0
1182,58,Masculino,Argentina,Graduação,695.0,Corrente,11273.75,-0.47831587408477894,42821.31,2,22.0,4.5,1,1,2.089714963125961,29,B,0
1183,53,Masculino,Brasil,,,Poupança,,0.0705619653723999,,1,,0.8,0,0,-0.37086202780500893,78,C,0
1184,23,Feminino,Brasil,Pós-Graduação,665.0,Poupança,37170.01,-0.2678307556733939,37615.58,1,25.0,17.2,1,0,0.16931372385385732,58,B,0
1185,30,Feminino,Brasil,Graduação,573.0,Premium,2243.12,-0.5517169453158913,52075.91,1,22.0,3.0,1,1,-0.4039010833862068,66,B,0
1186,53,Feminino,Brasil,Ensino Médio,651.0,Poupança,92888.56,0.18505030106841638,43799.76,2,26.0,3.5,0,1,0.7834311866438803,86,B,0
1187,30,Masculino,Brasil,Doutorado,679.0,Corrente,35274.68,-0.28323602112402857,21171.14,2,32.0,1.4,1,1,0.17676369997220687,53,B,0
1188,39,Feminino,Argentina,Graduação,801.0,Premium,153728.22,0.6795558026044839,54659.96,2,21.0,3.2,0,1,-0.2799105731704815,70,A,0
1189,48,Masculino,Brasil,Graduação,532.0,Poupança,9756.37,-0.49064915730695335,22092.4,2,17.0,5.4,1,1,-1.9259679459071828,9,C,0
1190,30,Masculino,Brasil,Graduação,693.0,Poupança,802.68,-0.5634248592758414,54142.19,1,23.0,7.0,1,1,0.24330822528875026,76,A,0
1191,43,Feminino,Argentina,Ensino Médio,783.0,Premium,50761.86,-0.15735603242456256,,1,24.0,7.0,1,1,-0.30957627357975087,42,A,0
1192,25,Feminino,Brasil,Doutorado,718.0,Corrente,51527.78,-0.15113062528493515,41414.49,1,24.0,4.3,1,1,-0.06074065688710121,39,A,0
1193,34,Masculino,Brasil,Pós-Graduação,724.0,Corrente,4775.21,-0.5311360867873515,24272.76,1,19.0,11.7,1,1,-1.1824579472453334,69,A,0
1194,45,Masculino,Brasil,Ensino Médio,702.0,Poupança,,-0.4787210554952532,,4,25.0,8.5,1,0,1.4332821727201956,40,C,0
1195,22,Masculino,Brasil,Doutorado,766.0,Poupança,990793.38,7.483231673971427,29756.93,3,23.0,7.1,0,1,0.856743175843872,59,C,0
1196,47,Masculino,Chile,Pós-Graduação,552.0,Corrente,25166.46,-0.36539575707154875,70031.85,1,21.0,0.3,1,1,1.4307059976406318,44,A,1
1197,41,Feminino,Argentina,Graduação,525.0,Poupança,87303.93,0.1396583600377898,44855.74,2,17.0,0.0,0,1,1.1469793007809541,65,B,0
1198,48,Masculino,Brasil,Graduação,649.0,Corrente,16634.07,-0.4347471274811028,136742.92,3,38.0,1.2,1,0,0.5923173021274616,74,B,0
1199,44,Feminino,Brasil,Ensino Médio,455.0,Poupança,2956.13,-0.5459215913042115,,1,43.0,5.4,0,1,-1.1422825087264428,11,B,0
1200,58,Feminino,Brasil,Graduação,760.0,Poupança,29604.75,-0.32932128159925794,44718.91,1,32.0,2.6,0,1,1.8433871640718587,91,B,0
1201,43,Feminino,Brasil,Ensino Médio,759.0,Corrente,26404.1,-0.3553362039951329,75309.79,1,35.0,2.6,0,0,-0.9276351508875105,87,B,0
1202,36,Masculino,Brasil,Graduação,610.0,Poupança,22474.71,-0.3872743340353206,38717.93,2,27.0,10.8,1,1,-0.26840762407496166,84,C,0
1203,43,Masculino,Brasil,Graduação,616.0,Poupança,31648.02,-0.312713558016917,50029.8,4,21.0,11.3,1,1,0.706902280626921,5,B,0
1204,48,Masculino,Brasil,Pós-Graduação,643.0,Corrente,49867.36,-0.1646265393788094,39463.82,2,25.0,12.0,0,0,0.756540787187405,77,C,0
1205,42,Masculino,Brasil,Pós-Graduação,654.0,Corrente,30329.0,-0.32343456872993065,77642.76,1,24.0,1.9,0,0,0.5722367269445582,74,B,0
1206,42,Masculino,Argentina,Ensino Médio,661.0,Corrente,7968.03,-0.5051848067273645,115820.05,1,38.0,5.9,1,1,-0.4002884813290898,49,B,0
1207,33,Feminino,Chile,Pós-Graduação,700.0,Poupança,65083.2,-0.04095200552223367,79157.03,2,20.0,1.6,0,1,-0.6069316273554748,51,A,0
1208,34,Masculino,Colombia,Graduação,634.0,Corrente,3500.82,-0.541494344313816,85234.53,3,19.0,1.1,1,0,2.5345325686061364,36,A,1
1209,25,Feminino,Brasil,Graduação,734.0,Corrente,3101.28,-0.5447418103266722,85290.65,2,23.0,1.0,0,0,-0.03931393849983351,16,A,1
1210,62,Masculino,Argentina,Ensino Médio,690.0,Corrente,88169.52,0.1466938861579984,68237.77,2,24.0,2.1,1,0,-0.16177138463883597,7,C,0
1211,27,Feminino,Argentina,Pós-Graduação,595.0,Corrente,66730.96,-0.027558992063396542,24746.23,1,29.0,2.8,0,0,-0.7135564909387535,96,C,0
1212,33,Feminino,Colombia,Pós-Graduação,770.0,Poupança,33898.48,-0.29442179157728116,136023.5,3,24.0,8.9,1,0,0.24467034907095767,89,A,0
1213,33,Masculino,Brasil,Pós-Graduação,527.0,Poupança,6805.33,-0.5146352465660484,144733.08,2,25.0,0.6,1,1,0.19802280057807073,44,A,0
1214,52,Feminino,Argentina,Pós-Graduação,641.0,Corrente,15529.66,-0.4437237854859543,42602.67,1,29.0,6.6,0,1,-0.016226208704295298,26,B,0
1215,38,Feminino,Brasil,Graduação,737.0,Poupança,26494.8,-0.35459899328440037,39245.08,2,32.0,3.8,1,1,0.38172664678788615,36,C,0
1216,56,Feminino,Argentina,Pós-Graduação,584.0,Poupança,5350.4,-0.5264609354234463,70788.16,1,21.0,1.7,1,0,1.7635375024423534,53,B,0
1217,33,Feminino,Brasil,Graduação,677.0,Corrente,14960.45,-0.44835033133662716,68219.63,1,26.0,3.4,0,0,-0.5950527062908985,92,B,1
1218,45,Masculino,Argentina,Ensino Médio,698.0,Corrente,79443.11,0.0757655188124321,43426.81,1,27.0,1.8,1,0,0.04308374220212008,44,A,0
1219,31,Masculino,Chile,Graduação,572.0,Premium,201343.25,1.066571349548778,3065836.0516628884,1,31.0,4.5,1,1,-0.6478484525505558,12,B,0
1220,67,Masculino,Brasil,Graduação,643.0,Poupança,21953.42,-0.3915113855391544,58889.65,1,28.0,2.8,1,1,0.2946983608256279,90,B,0
1221,27,Masculino,Brasil,Graduação,635.0,Poupança,90019.9,0.16173379745816516,68245.17,1,30.0,0.9,0,1,-0.568469501374419,68,A,0
1222,45,Feminino,Brasil,Ensino Médio,600.0,Corrente,3652.36,-0.5402626253380234,75772.65,2,21.0,0.6,0,0,-0.5254429914341896,23,A,0
1223,49,Feminino,Brasil,Ensino Médio,857.0,Poupança,80124.86,0.0813067911612949,60450.23,2,27.0,4.0,0,1,-1.459523374055626,88,B,0
1224,46,Masculino,Brasil,Graduação,581.0,Poupança,,-0.4574637025074602,,1,29.0,11.6,1,1,0.09779478281967469,95,B,0
1225,39,Feminino,Brasil,Ensino Médio,740.0,Poupança,52512.93,-0.14312331402056816,89000.85,1,30.0,2.1,1,1,0.42976962190497714,30,B,0
1226,40,Feminino,Chile,Ensino Médio,614.0,Premium,26975.84,-0.3506890942734771,,2,18.0,6.6,1,1,1.8604763531922952,63,C,0
1227,42,Masculino,Brasil,Graduação,552.0,Premium,177104.78,0.8695607685590597,37087.91,1,36.0,5.4,1,1,0.46950248118984517,3,B,0
1228,40,Masculino,Argentina,Doutorado,659.0,Premium,12716.77,-0.4665869898532336,43985.18,1,26.0,13.4,0,0,-0.4496841232973195,80,A,0
1229,53,Masculino,Chile,Pós-Graduação,708.0,Corrente,77120.74,0.05688926701217032,17195.77,3,34.0,8.6,1,1,-1.3596790876860898,34,B,0
1230,68,Feminino,Chile,Graduação,732.0,Premium,25967.24,-0.35888700742501795,43943.28,2,31.0,4.2,0,0,-1.2212870056654783,92,C,0
1231,35,Feminino,Argentina,Doutorado,790.0,Corrente,30032.44,-0.32584501204167066,74091.93,3,24.0,5.4,1,0,-1.2956283394719723,49,B,0
1232,25,Masculino,Brasil,Graduação,900.0,Premium,29125.67,-0.33321524970617866,60106.29,2,23.0,11.4,1,0,1.8780420354493812,44,C,0
1233,40,Masculino,Chile,Graduação,672.0,Corrente,13163.36,-0.4629571008641927,122075.93,1,20.0,2.6,1,1,0.28781049692636984,41,C,0
1234,72,Feminino,Brasil,,,Poupança,,-0.27972813359880344,,2,26.0,2.0,0,0,-0.5829662192618927,48,A,0
1235,32,Feminino,Colombia,Graduação,690.0,Corrente,33685.48,-0.29615305818572674,65669.37,1,14.0,0.1,1,1,-0.9598596051532643,71,B,1
1236,61,Feminino,Argentina,Ensino Médio,626.0,Poupança,48508.21,-0.1756737272232639,78876.93,1,16.0,8.8,1,1,-0.8561078403939216,8,C,0
1237,62,Feminino,Argentina,Graduação,733.0,Corrente,40191.31,-0.24327359227387926,199928.32,1,27.0,8.1,1,1,-0.6092993945063785,7,B,0
1238,35,Masculino,Brasil,Graduação,533.0,Corrente,94617.1,0.19909989535650344,53469.11,3,27.0,0.6,1,1,1.3162552162551524,37,C,0
1239,48,Masculino,Brasil,Graduação,863.0,Poupança,109997.22,0.3241096990648887,26199.29,1,21.0,4.3,0,1,-0.029943447057749532,55,A,0
1240,61,Masculino,Chile,Pós-Graduação,727.0,Poupança,10293.34,-0.48628465857109887,81532.52,3,19.0,3.1,1,0,-1.447466417273949,71,A,0
1241,37,Feminino,Chile,Graduação,498.0,Corrente,103004.4,0.26727197246925277,150156.96,3,27.0,0.6,1,0,2.3104592747303716,50,B,0
1242,39,Masculino,Brasil,Pós-Graduação,586.0,Corrente,8746.39,-0.4988582871153941,40395.38,2,20.0,19.7,0,1,-1.1401611393658972,82,B,0
1243,35,Feminino,Colombia,Graduação,723.0,Corrente,73528.4,0.02769068349957209,,2,29.0,1.2,0,0,-0.5908353099238673,21,B,0
1244,29,Masculino,Brasil,Doutorado,755.0,Poupança,76396.07,0.05099914037769963,102460.93,2,24.0,0.3,1,0,1.310144387633882,34,B,1
1245,34,Feminino,Argentina,,,Premium,,-0.540164764070579,,3,,4.5,1,1,0.4151496326090667,49,B,0
1246,27,Masculino,Argentina,Pós-Graduação,714.0,Poupança,40602.1,-0.23993468612325314,,1,29.0,6.7,0,1,-0.4699229996242097,27,C,0
1247,42,Masculino,Brasil,Pós-Graduação,474.0,Corrente,20698.25,-0.40171342267024657,32238.47,2,24.0,0.2,0,1,-1.2313669260938347,8,B,0
1248,32,Feminino,Brasil,Graduação,641.0,Corrente,14610.29,-0.45119643610476473,46687.52,2,18.0,5.4,0,1,-0.9666901089250267,34,C,0
1249,44,Masculino,Argentina,Graduação,750.0,Premium,183693.3,0.9231123398035473,64547.73,3,21.0,3.8,1,1,-0.9064961190764659,18,C,1
1250,23,Feminino,Brasil,Ensino Médio,600.0,Corrente,16573.91,-0.4352361086978355,84536.06,2,25.0,0.5,1,0,0.007031797849549579,51,C,0
1251,45,Feminino,Brasil,Doutorado,514.0,Poupança,13798.95,-0.45779101756061563,59896.12,2,23.0,0.9,1,0,0.19106181728130361,12,B,1
1252,52,Masculino,Argentina,Ensino Médio,663.0,Corrente,39768.64,-0.24670905920999048,39028.8,2,28.0,4.2,0,1,-0.14865462863134246,86,A,0
1253,18,Feminino,Chile,Graduação,595.0,Poupança,82677.91,0.10205801282651555,68406.82,3,27.0,1.8,1,0,-0.039213813924329335,51,A,0
1254,46,Feminino,Brasil,Graduação,706.0,Premium,30638.78,-0.32091667309629557,82129.38,2,21.0,13.9,0,0,-1.0507231951943208,63,B,0
1255,56,Masculino,Brasil,Graduação,570.0,Corrente,147214.3,0.6266105810735643,61559.9,1,18.0,8.5,1,1,0.2931361062238891,40,B,0
1256,27,Feminino,Brasil,Graduação,580.0,Poupança,68677.08,-0.011740904870776314,29681.75,2,29.0,20.5,0,0,1.2805186368369963,22,B,0
1257,62,Masculino,Argentina,Pós-Graduação,468.0,Poupança,2660.17,-0.5483271578086039,43965.32,4,28.0,1.5,1,0,-0.16279168174956857,8,C,0
1258,47,Masculino,Brasil,Graduação,665.0,Corrente,19237.94,-0.41358284023352904,86568.6,2,25.0,17.5,1,0,-0.1822867064294734,28,A,0
1259,33,Feminino,Argentina,Doutorado,635.0,Corrente,18504.87,-0.4195412421708681,21379.53,3,9.0,2.8,1,0,0.08300105205284822,50,A,1
1260,41,Masculino,Chile,Graduação,543.0,Poupança,,-0.045266029302039164,,1,18.0,2.1,0,0,1.1182048597593914,47,A,0
1261,48,Masculino,Brasil,Ensino Médio,667.0,Corrente,1556.54,-0.5572974759639034,121157.87,2,24.0,0.3,1,1,-0.8947229994386405,56,A,1
1262,42,Masculino,Brasil,Ensino Médio,742.0,Poupança,773601.1,5.717890162346247,66625.93,2,19.0,0.3,1,1,1.4508473357321354,32,C,0
1263,48,Masculino,Colombia,Pós-Graduação,630.0,Corrente,68681.24,-0.011707092339831996,70547.25,3,26.0,5.9,0,0,0.4212222394352376,11,B,0
1264,30,Feminino,Brasil,Ensino Médio,674.0,Corrente,43418.99,-0.21703896970698894,25691.35,1,23.0,3.1,0,0,0.028680695698867664,21,C,1
1265,44,Feminino,Argentina,Graduação,674.0,Corrente,149923.62,0.6486319672125023,76306.76,3,23.0,1.3,1,0,1.2132388366643199,26,B,1
1266,25,Feminino,Colombia,Ensino Médio,541.0,Corrente,604637.79,4.344554309503808,57823.42,2,26.0,4.8,0,1,-1.1820620738764558,14,B,0
1267,40,Feminino,Colombia,Graduação,835.0,Corrente,103248.71,0.2692577271411277,18947.05,1,23.0,1.5,1,0,0.5220455362447083,79,A,0
1268,31,Masculino,Brasil,Pós-Graduação,607.0,Corrente,113388.55,0.3516744708358735,115216.71,1,31.0,4.3,0,1,0.4303095645066175,14,A,0
1269,33,Masculino,Brasil,Graduação,709.0,Poupança,42481.67,-0.22465751814561905,53917.48,1,26.0,2.2,1,0,-0.9354550643937929,76,B,0
1270,56,Masculino,Colombia,Ensino Médio,719.0,Premium,30643.29,-0.3208800157610651,38651.84,2,23.0,8.7,1,1,0.460638122953821,3,B,0
1271,55,Feminino,Argentina,Graduação,637.0,Poupança,20517.75,-0.4031805288806899,39073.75,1,27.0,8.6,0,0,0.2833051793804862,57,A,0
1272,49,Masculino,Brasil,Graduação,704.0,Corrente,13476.0,-0.46041595911553346,14630.55,1,25.0,3.2,1,0,-0.1787381196899341,7,A,0
1273,28,Masculino,Brasil,Ensino Médio,672.0,Premium,15924.01,-0.44051850385665614,69982.6,3,26.0,2.2,1,0,0.8628175552303327,39,A,0
1274,38,Feminino,Brasil,,,Corrente,,-0.5115736681932636,,1,,2.3,0,1,-0.5717542523576646,57,A,0
1275,56,Feminino,Chile,Graduação,620.0,Corrente,33155.18,-0.300463343079899,43632.25,1,28.0,8.2,1,0,0.270321245843369,65,A,0
1276,43,Masculino,Brasil,Ensino Médio,594.0,Corrente,4809.74,-0.5308554265244895,105565.95,2,25.0,2.0,1,0,-0.13167378245531886,25,C,0
1277,69,Masculino,Chile,Graduação,608.0,Corrente,45665.57,-0.19877873995486836,21368.74,2,26.0,1.2,0,1,-0.6146968230076675,31,C,0
1278,46,Feminino,Chile,Graduação,532.0,Premium,34766.28,-0.28736830255000856,34266.95,2,35.0,0.4,1,0,0.5028846851187714,86,C,0
1279,44,Feminino,Chile,Graduação,751.0,Corrente,43317.95,-0.21786022406434735,,1,22.0,3.1,1,0,-0.20773574734915148,10,A,0
1280,38,Masculino,Argentina,Graduação,794.0,Poupança,19408.03,-0.4122003466305689,41469.89,2,30.0,3.3,0,1,-1.4730064587095468,82,B,0
1281,43,Masculino,Chile,Graduação,738.0,Corrente,1457498.9,11.276619855911482,51045.98,2,22.0,9.2,1,1,-1.8010661047179843,77,B,0
1282,40,Feminino,Brasil,Graduação,764.0,Poupança,185746.68,0.9398022375896976,63450.04,1,22.0,1.3,1,1,0.7890574680832019,72,A,0
1283,50,Feminino,Brasil,Pós-Graduação,618.0,Poupança,8156.33,-0.5036543020214006,39807.71,1,18.0,2.4,1,0,-1.2206001072268307,9,C,0
1284,53,Feminino,Chile,Ensino Médio,592.0,Corrente,48023.31,-0.17961500036145764,28957.56,1,16.0,8.3,0,0,0.2793844934006062,79,B,0
1285,32,Masculino,Brasil,Graduação,579.0,Poupança,17507.64,-0.4276467398231694,134807.64,1,33.0,8.7,1,0,0.05495189362815036,8,A,0
1286,26,Feminino,Brasil,Graduação,707.0,Poupança,10749.61,-0.48257609042351446,208351.97,2,23.0,2.4,1,1,-0.3685317769708997,97,C,0
1287,19,Masculino,Brasil,Graduação,670.0,Poupança,7272.92,-0.5108346693198369,53421.68,2,27.0,3.1,1,1,1.9566684572153399,99,C,0
1288,48,Masculino,Brasil,Pós-Graduação,643.0,Poupança,61001.88,-0.07412502446299013,31130.14,1,27.0,1.8,0,1,0.17967401846044603,19,C,1
1289,28,Feminino,Argentina,Graduação,766.0,Poupança,16032.03,-0.4396405159738191,118809.0,1,25.0,13.5,0,0,0.7556334826820653,30,C,0
1290,18,Masculino,Argentina,,,Corrente,,0.372943528161301,,1,,0.6,1,1,0.284816215339809,9,C,0
1291,46,Feminino,Brasil,,,Poupança,,0.40277438974653285,,2,,13.6,0,0,-0.23153942311748107,83,C,0
1292,71,Masculino,Chile,Pós-Graduação,588.0,Corrente,188847.91,0.965009073008053,32284.09,1,20.0,5.8,1,0,-0.019088750235941546,47,C,0
1293,41,Feminino,Brasil,,,Corrente,,-0.4638156627977614,,2,,3.8,1,1,1.4585427656604837,46,C,0
1294,52,Masculino,Argentina,Graduação,743.0,Premium,64243.69,-0.04777555308306063,41439.32,1,22.0,0.2,1,0,1.0881052926004298,90,C,1
1295,42,Feminino,Brasil,Pós-Graduação,699.0,Corrente,77570.7,0.06054654740248093,29187.53,2,26.0,3.2,1,0,1.9519864316886006,1,C,0
1296,40,Masculino,Argentina,Ensino Médio,820.0,Corrente,20557.6,-0.40285662759267793,49394.42,3,18.0,2.6,0,0,0.2216420929728839,3,A,0
1297,53,Feminino,Brasil,Graduação,797.0,Corrente,14384.03,-0.45303548015559525,49826.7,1,17.0,0.9,1,1,-0.8769370657007479,34,B,0
1298,38,Feminino,Brasil,Ensino Médio,689.0,Corrente,250552.76,1.4665468494594305,33765.71,2,17.0,5.3,1,0,-0.4405169443598121,25,A,0
1299,45,Masculino,Chile,Ensino Médio,574.0,Corrente,47714.71,-0.1821233049406422,39249.42,4,11.0,17.7,1,0,-1.1877781917985912,30,B,0
1300,45,Masculino,Brasil,Graduação,532.0,Premium,77898.45,0.06321050341618065,42680.21,1,27.0,4.1,0,1,0.7670441288752773,1,A,0
1301,33,Masculino,Colombia,Pós-Graduação,615.0,Corrente,13541.43,-0.4598841432742631,79690.66,2,29.0,6.3,1,0,-0.5859163160772481,18,B,0
1302,53,Feminino,Argentina,Graduação,717.0,Poupança,8407.33,-0.5016141709475986,44843.88,1,30.0,0.4,1,0,-3.0553179463195104,33,B,0
1303,39,Masculino,Brasil,Graduação,814.0,Corrente,18336.71,-0.420908048710193,80404.15,2,22.0,2.7,0,1,2.4637756983299304,9,B,0
1304,32,Masculino,Argentina,Graduação,687.0,Poupança,31293.77,-0.3155929063551417,69667.4,1,25.0,0.6,1,1,-0.5706011384883154,7,A,0
1305,48,Masculino,Brasil,Graduação,755.0,Premium,10126.75,-0.4876387041311972,69072.95,4,29.0,4.7,1,0,-0.5765909254858096,30,B,0
1306,31,Feminino,Brasil,Graduação,627.0,Corrente,35889.0,-0.2782428206409286,112725.12,2,29.0,13.9,1,1,1.6716116926603666,77,C,1
1307,42,Masculino,Colombia,Graduação,706.0,Poupança,4787.64,-0.531035055595131,25043.4,2,27.0,5.4,1,0,-1.2082514507975155,81,B,0
1308,41,Masculino,Brasil,Graduação,724.0,Premium,9470.56,-0.49297222448704653,36904.55,2,34.0,0.4,1,1,1.1366058865331667,13,A,1
1309,55,Feminino,Argentina,Graduação,471.0,Poupança,81234.35,0.09032473946835733,141206.59,2,34.0,2.2,1,0,-0.5874424434240215,13,A,0
1310,47,Feminino,Brasil,Ensino Médio,612.0,Corrente,74947.91,0.03922847816320873,42007.78,1,22.0,4.0,1,0,-1.323795444596859,42,C,0
1311,41,Masculino,Argentina,Ensino Médio,735.0,Poupança,22691.55,-0.3855118558598495,9053.67,3,29.0,2.6,0,0,1.7057177613781362,74,B,0
1312,51,Feminino,Brasil,Graduação,674.0,Poupança,10707.32,-0.48291982406140727,43400.19,4,28.0,9.0,1,1,0.9230969470625273,78,A,0
1313,58,Feminino,Brasil,Graduação,542.0,Corrente,10584.18,-0.4839207074894072,53154.8,2,20.0,8.4,1,1,0.9200009845150428,63,B,0
1314,48,Masculino,Colombia,Graduação,431.0,Corrente,,-0.3813469811047622,,3,22.0,4.7,1,1,0.3676555467887745,69,C,0
1315,42,Masculino,Brasil,Ensino Médio,617.0,Corrente,78701.87,0.06974071101504142,109137.23,2,29.0,2.3,1,1,0.5991016330776804,36,C,0
1316,26,Feminino,Argentina,Graduação,643.0,Corrente,110624.28,0.32920645042400554,31945.05,2,16.0,1.5,0,0,-1.2321580247480433,35,A,1
1317,29,Masculino,Brasil,Pós-Graduação,570.0,Premium,20013.49,-0.40727916033597045,59703.02,2,24.0,0.6,1,0,0.1116108572446605,46,B,0
1318,38,Masculino,Brasil,Pós-Graduação,662.0,Corrente,9097.99,-0.49600047800962194,42805.04,1,21.0,2.2,1,1,-0.928763000450845,45,C,0
1319,34,Masculino,Argentina,Pós-Graduação,695.0,Corrente,50081.77,-0.16288381227309665,22629.04,1,25.0,2.7,1,1,-1.3889405190630546,56,C,0
1320,39,Feminino,Brasil,Ensino Médio,710.0,Poupança,13517.74,-0.4600766958843761,25788.79,1,17.0,5.6,0,1,0.41095333070803153,87,A,0
1321,42,Feminino,Brasil,Graduação,437.0,Corrente,19498.58,-0.4114643551216734,27971.75,2,35.0,5.4,1,0,1.1581495556595445,5,C,0
1322,48,Feminino,Chile,Ensino Médio,531.0,Corrente,178141.12,0.8779841527703108,94033.2,1,23.0,0.4,0,0,-0.38336882422806395,44,A,1
1323,41,Masculino,Chile,Graduação,622.0,Poupança,97981.95,0.22644943736320813,44867.86,1,33.0,2.5,1,0,-0.21201289233454176,28,C,1
1324,47,Feminino,Brasil,,,Corrente,,-0.21316515907043887,,4,,1.0,1,0,-1.1381506450830399,87,C,0
1325,42,Feminino,Brasil,Pós-Graduação,694.0,Corrente,7892.73,-0.5057968460495051,3037443.7693164283,1,27.0,0.9,1,0,0.00721714608789781,42,A,0
1326,18,Masculino,Argentina,Graduação,692.0,Corrente,46801.75,-0.18954385500095428,100477.6,2,23.0,8.8,0,0,0.7600761123884141,98,A,0
1327,30,Feminino,Colombia,Graduação,615.0,Poupança,129986.87,0.48658581906260806,118009.54,1,28.0,0.2,0,1,0.791527736727773,31,B,0
1328,40,Masculino,Colombia,Graduação,620.0,Poupança,1805876.9947763677,-0.3818815604701963,99792.3,1,24.0,2.7,1,0,0.5451761756309323,7,C,1
1329,27,Feminino,Chile,Ensino Médio,584.0,Premium,183751.01,0.923581407390277,65871.58,2,24.0,0.9,1,0,-0.6184311671945354,7,B,0
1330,49,Masculino,Brasil,Graduação,719.0,Corrente,171321.01,0.8225502151697204,58331.53,2,19.0,10.6,1,1,-0.6501290434271516,4,B,0
1331,60,Feminino,Chile,Graduação,567.0,Poupança,267394.24,1.6034346051439567,23633.9,2,20.0,4.1,1,0,0.7954044732409332,32,A,0
1332,56,Feminino,Chile,Graduação,726.0,Premium,52380.61,-0.14419881260098844,42298.57,1,30.0,1.3,1,1,0.8119989322167313,28,C,0
1333,39,Feminino,Brasil,Pós-Graduação,668.0,Corrente,73487.46,0.027357922678211802,32522.38,2,33.0,3.5,0,0,-0.1719949854318929,56,A,1
1334,59,Masculino,Brasil,,,Premium,,1.0410114332784466,,1,,6.6,1,1,-0.4261719075656856,4,C,0
1335,43,Masculino,Brasil,Pós-Graduação,590.0,Premium,62123.07,-0.0650119784126469,92431.77,1,20.0,15.9,1,1,1.1672470934456998,8,A,0
1336,37,Masculino,Argentina,Graduação,528.0,Corrente,19900.88,-0.4081944557950177,,1,30.0,1.2,1,1,-0.3599486648132468,14,C,0
1337,34,Feminino,Brasil,Graduação,591.0,Corrente,21199.83,-0.3976365742877858,100465.05,1,27.0,10.9,1,1,0.7459322245237815,30,B,0
1338,38,Feminino,Brasil,Graduação,620.0,Corrente,48352.15,-0.17694218481440951,4812981.901846968,1,23.0,13.6,1,0,-0.13684317485809858,3,C,0
1339,37,Masculino,Brasil,Pós-Graduação,436.0,Corrente,7718.12,-0.5072160782678182,68461.77,1,24.0,12.4,0,0,-1.047532781037,2,C,0
1340,44,Masculino,Brasil,Ensino Médio,632.0,Premium,30579.63,-0.32139744502065964,70808.22,4,19.0,5.0,1,1,1.6123121400237026,10,A,0
1341,43,Feminino,Brasil,Graduação,733.0,Premium,135382.12,0.5304384771340448,33887.84,1,15.0,5.0,0,1,0.12006389573147619,70,C,0
1342,42,Masculino,Argentina,Graduação,701.0,Corrente,2618.86,-0.5486629259944953,149448.94,1,27.0,2.6,1,1,-0.7107439798880834,71,C,0
1343,47,Masculino,Brasil,Ensino Médio,605.0,Poupança,228977.38,1.2911818966025073,50305.78,1,21.0,7.0,1,0,-1.390805667775204,16,C,0
1344,56,Masculino,Chile,Ensino Médio,654.0,Poupança,139643.64,0.5650761638815709,58756.61,2,25.0,3.8,1,1,-1.2900007982368336,70,C,0
1345,53,Masculino,Chile,Pós-Graduação,599.0,Corrente,20916.27,-0.39994135344032494,33208.27,1,30.0,5.7,1,1,-0.37291140409460116,80,B,0
1346,24,Feminino,Chile,Ensino Médio,663.0,Poupança,69707.9,-0.0033623872871243795,,3,19.0,2.8,0,1,1.9251288835335925,91,A,0
1347,18,Feminino,Argentina,Ensino Médio,788.0,Premium,36452.94,-0.2736591094147934,65275.86,4,29.0,6.6,1,0,-0.5846618786742426,76,C,0
1348,53,Feminino,Brasil,Doutorado,737.0,Corrente,158893.34,0.7215379612176972,55854.65,1,27.0,8.7,0,1,1.4474548323462046,86,A,0
1349,25,Masculino,Brasil,Pós-Graduação,696.0,Corrente,118092.06,0.3899046577161076,30527.66,2,27.0,0.8,0,0,-0.13076366860308403,79,B,0
1350,39,Feminino,Brasil,Graduação,605.0,Corrente,6767.69,-0.5149411849469963,20680.45,1,31.0,8.9,0,0,-1.1811503911016823,22,B,0
1351,27,Masculino,Colombia,Graduação,717.0,Corrente,73476.06,0.027265263338604784,,2,22.0,3.9,0,1,-0.47321118845039606,35,C,1
1352,20,Masculino,Brasil,Graduação,498.0,Corrente,28374.51,-0.33932068738505183,100476.61,1,14.0,9.3,1,0,-1.280987923737443,79,A,0
1353,48,Feminino,Brasil,Pós-Graduação,627.0,Corrente,40110.73,-0.24392854750067988,33929.76,1,23.0,2.8,1,1,-0.8559684519638542,87,A,0
1354,51,Masculino,Argentina,Pós-Graduação,702.0,Poupança,15156.64,-0.4467556966140406,40000.81,1,33.0,2.4,1,0,-0.8857480618759175,49,A,0
1355,35,Masculino,Colombia,Pós-Graduação,716.0,Poupança,295896.34,1.8351000229870407,117032.17,2,25.0,12.3,1,0,-1.9038038674812663,2,B,0
1356,18,Feminino,Argentina,Ensino Médio,710.0,Corrente,126509.69,0.45832325744028507,25001.96,1,22.0,1.4,0,0,1.5127960688147262,66,B,0
1357,35,Masculino,Argentina,Graduação,676.0,Corrente,14947.13,-0.4484585964597469,31691.48,1,25.0,9.3,0,0,0.21101703022228158,19,C,0
1358,46,Feminino,Brasil,Ensino Médio,632.0,Poupança,7320.74,-0.5104459877742225,30907.06,2,24.0,3.3,1,0,-0.6862784056181018,69,A,0
1359,24,Feminino,Argentina,Ensino Médio,698.0,Poupança,22861.12,-0.38413358882325743,129422.96,2,29.0,3.6,1,0,0.22175774643338916,4,A,0
1360,44,Masculino,Brasil,Pós-Graduação,564.0,Corrente,61169.45,-0.07276301345089048,162109.95,3,37.0,1.8,1,1,-0.8354803936420617,92,B,0
1361,41,Masculino,Chile,Ensino Médio,573.0,Corrente,48448.03,-0.17616287100024164,76952.06,1,27.0,4.3,0,1,-2.6710619653697556,82,C,1
1362,48,Masculino,Brasil,Graduação,655.0,Poupança,163367.8,0.7579064268929339,78435.42,2,30.0,2.0,1,1,2.9566916332265496,41,C,0
1363,43,Masculino,Brasil,Pós-Graduação,665.0,Corrente,93704.7,0.19168389698304913,34606.16,2,26.0,0.2,0,1,0.18959987667705955,56,C,1
1364,30,Masculino,Chile,Graduação,485.0,Corrente,116248.2,0.3749177410557862,157691.69,1,25.0,1.6,0,0,-0.5890130393147649,55,B,0
1365,56,Feminino,Brasil,Ensino Médio,690.0,Corrente,53756.86,-0.1330126357471235,57561.99,2,29.0,0.0,0,1,-1.9339148116774332,31,A,1
1366,40,Masculino,Chile,Pós-Graduação,719.0,Corrente,6855.74,-0.5142255134687164,81786.39,1,24.0,19.2,1,1,-1.49414979514256,22,C,0
1367,41,Masculino,Chile,Pós-Graduação,643.0,Corrente,28714.62,-0.3365562691399888,46013.27,3,13.0,16.9,1,0,1.6544919295549054,75,C,0
1368,30,Feminino,Chile,Pós-Graduação,863.0,Corrente,129586.99,0.48333558952558836,41738.55,1,27.0,2.5,1,1,1.5019385487984669,48,A,0
1369,36,Feminino,Brasil,Graduação,588.0,Poupança,34138.21,-0.2924732632014941,132962.89,2,19.0,6.5,1,0,0.7532150359989478,80,C,0
1370,31,Feminino,Brasil,Ensino Médio,617.0,Poupança,66417.01,-0.030110781508098473,67767.24,1,18.0,2.1,1,1,-1.1150770384098139,4,B,0
1371,39,Masculino,Chile,,614.0,Premium,,-0.3685953490922746,,4,29.0,5.6,1,0,1.5099739879770104,21,C,0
1372,62,Feminino,Chile,Graduação,643.0,Corrente,10553.64,-0.48416893698340685,57136.41,1,19.0,8.2,1,0,0.44978261794435254,41,A,0
1373,25,Feminino,Brasil,Ensino Médio,620.0,Corrente,31319.22,-0.31538604844347534,29465.64,4,28.0,14.7,1,0,0.6549244483515344,45,B,0
1374,22,Masculino,Brasil,Pós-Graduação,523.0,Poupança,52620.28,-0.1422507719059361,34544.18,3,24.0,2.6,1,0,0.4461709444432463,89,C,0
1375,59,Masculino,Brasil,Graduação,600.0,Poupança,16534.01,-0.4355604163864599,52144.77,1,21.0,7.6,1,1,-1.5069871846261038,84,A,0
1376,39,Masculino,Colombia,Graduação,641.0,Corrente,27368.46,-0.34749787410536487,33661.16,3,32.0,1.5,1,1,-1.1981609507468876,8,A,0
1377,33,Feminino,Brasil,Pós-Graduação,760.0,Corrente,11762.17,-0.4743459903434785,25223.29,4,25.0,23.2,1,0,-0.5102181664083618,9,A,0
1378,54,Masculino,Brasil,Pós-Graduação,848.0,Corrente,139120.24,0.5608219622718974,100795.62,1,20.0,0.1,0,0,0.6436397075331132,18,A,1
1379,34,Feminino,Argentina,Graduação,770.0,Corrente,25505.59,-0.36263930427848706,35350.86,1,31.0,4.6,1,0,-1.3804320822431462,31,C,0
1380,63,Feminino,Brasil,Pós-Graduação,580.0,Corrente,207587.18,1.1173220890533395,53258.66,2,33.0,5.4,0,1,-0.17534641494419065,35,C,0
1381,50,Feminino,Colombia,Doutorado,587.0,Premium,227407.18,1.2784192917734871,58552.56,1,18.0,5.8,1,0,-0.17660951016305085,30,B,0
1382,36,Masculino,Brasil,Pós-Graduação,635.0,Corrente,32949.94,-0.3021315363133139,34444.62,1,28.0,0.6,0,1,0.7927396893275777,18,B,0
1383,67,Masculino,Brasil,Pós-Graduação,810.0,Premium,10827.68,-0.4819415365074518,117064.42,1,22.0,13.9,0,1,0.6746715356076624,83,A,0
1384,34,Masculino,Brasil,Pós-Graduação,635.0,Poupança,2971.8,-0.5457942253523133,25077.21,1,21.0,1.0,0,1,-1.010225929052133,41,A,1
1385,50,Masculino,Brasil,Graduação,530.0,Corrente,6207.76,-0.5194923028440241,,1,24.0,4.9,1,1,1.4466861694873017,24,B,0
1386,45,Feminino,Brasil,Ensino Médio,604.0,Poupança,6984.15,-0.5131817954161788,56821.53,1,19.0,1.3,0,1,-1.16323982875029,86,C,0
1387,57,Masculino,Brasil,Graduação,718.0,Poupança,189883.03,0.9734225410443638,47450.73,3,22.0,1.8,0,1,1.09223944190075,48,C,0
1388,60,Masculino,Brasil,Ensino Médio,712.0,Corrente,41730.58,-0.23076238686363493,22513.1,2,20.0,4.0,0,1,-0.5501448983483982,14,C,0
1389,42,Masculino,Chile,Ensino Médio,631.0,Corrente,57960.99,-0.09884141562240838,82659.95,1,26.0,2.7,1,1,0.16392595343337207,19,A,0
1390,32,Masculino,Brasil,Graduação,711.0,Poupança,2528.79,-0.5493950160575127,76581.16,2,28.0,0.9,1,1,0.22598746010430507,60,B,0
1391,47,Feminino,Colombia,Ensino Médio,445.0,Poupança,8625.17,-0.4998435647598813,32684.59,2,22.0,0.9,0,1,0.1977074407087954,93,B,0
1392,33,Feminino,Argentina,Pós-Graduação,659.0,Poupança,105292.32,0.2858682142476323,74943.69,4,28.0,2.7,0,1,0.6744991984345704,22,B,0
1393,66,Feminino,Brasil,Pós-Graduação,727.0,Corrente,51232.48,-0.15353082730124487,61386.46,1,20.0,7.1,1,1,0.39145949793353263,30,C,0
1394,43,Masculino,Brasil,Ensino Médio,575.0,Corrente,30435.16,-0.32257169894987153,22734.36,1,21.0,11.4,1,1,0.7836491298705383,15,B,0
1395,37,Feminino,Brasil,Ensino Médio,574.0,Corrente,71525.61,0.011411981852958395,29367.46,3,30.0,0.4,0,0,0.46461996034513564,21,B,1
1396,44,Feminino,Brasil,,,Corrente,,1.5317860146332527,,3,,2.5,1,0,-1.2644552589258438,26,C,0
1397,25,Masculino,Brasil,Pós-Graduação,793.0,Poupança,27854.48,-0.3435474975934554,59021.07,2,29.0,0.5,1,1,0.26979907455798763,12,A,1
1398,30,Masculino,Brasil,Pós-Graduação,585.0,Premium,39467.93,-0.2491532337725523,34941.07,2,23.0,0.1,1,0,-0.5638699025053332,7,A,0
1399,56,Feminino,Argentina,Doutorado,671.0,Poupança,45757.74,-0.19802958106613397,29287.45,1,21.0,5.4,1,0,-1.1092624779072835,75,C,0
1400,34,Feminino,Brasil,Doutorado,704.0,Poupança,640837.74,4.638787946416482,35981.63,2,30.0,4.6,0,0,-0.28983989267729987,84,B,0
1401,29,Feminino,Brasil,Graduação,786.0,Poupança,2924.19,-0.5461812000153559,37545.63,1,22.0,0.9,0,1,0.1832355990350907,35,A,1
1402,48,Masculino,Brasil,Graduação,636.0,Poupança,82443.43,0.100152156515021,29508.16,1,27.0,1.3,1,1,0.24967502798778463,68,A,0
1403,56,Masculino,Argentina,Pós-Graduação,601.0,Poupança,31641.89,-0.31276338273198645,17239.21,3,30.0,0.1,1,0,1.056024745140268,2,A,1
1404,50,Feminino,Brasil,Graduação,665.0,Corrente,71691.4,0.012759525003259718,97149.66,1,20.0,9.0,0,0,1.3073091189715773,20,C,0
1405,53,Feminino,Chile,Pós-Graduação,765.0,Premium,16500.62,-0.4358318107153613,87761.68,2,19.0,18.4,1,1,0.3362808307573559,47,A,0
1406,32,Masculino,Brasil,Graduação,634.0,Corrente,34243.15,-0.29162030959637536,22834.93,3,30.0,0.7,1,1,0.5171063770094092,84,B,0
1407,24,Feminino,Colombia,Pós-Graduação,564.0,Corrente,85279.78,0.12320604404959677,53198.57,1,24.0,1.3,0,0,0.09530903317565519,12,C,0
1408,60,Masculino,Brasil,Graduação,511.0,Corrente,1521933.68,11.800346536834192,28528.45,4,27.0,10.1,1,0,0.7672254636495847,53,C,0
1409,38,Feminino,Colombia,Graduação,540.0,Corrente,95764.13,0.20842296924328904,41900.78,4,27.0,13.0,0,1,0.4869881388370644,17,A,1
1410,38,Feminino,Argentina,Graduação,727.0,Poupança,13125.62,-0.4632638520463652,39860.46,2,20.0,2.7,0,1,-0.05448809385780392,18,B,0
1411,57,Feminino,Brasil,Pós-Graduação,621.0,Corrente,21839.78,-0.3924350528508152,37922.48,1,14.0,0.3,0,1,2.1519825670043002,24,C,0
1412,48,Masculino,Brasil,Graduação,595.0,Poupança,21076.27,-0.3986408714809292,163042.84,1,19.0,0.2,1,1,-0.5461833634418188,72,A,1
1413,47,Masculino,Brasil,Pós-Graduação,585.0,Corrente,4210.04,-0.5357297954685496,37639.32,1,27.0,4.3,1,1,1.4544569567083374,37,B,0
1414,67,Feminino,Colombia,Pós-Graduação,657.0,Corrente,24437.93,-0.3713172578332899,30183.23,1,21.0,2.5,1,0,-1.3542929263269372,30,B,0
1415,34,Feminino,Argentina,Pós-Graduação,628.0,Corrente,87500.07,0.14125258835976418,31021.98,1,16.0,0.1,1,0,0.813616536451455,84,C,0
1416,53,Feminino,Brasil,Pós-Graduação,625.0,Poupança,7870.85,-0.5059746869574525,91698.95,4,36.0,4.4,1,1,1.4365683517268375,52,A,0
1417,42,Feminino,Brasil,Graduação,771.0,Poupança,127794.55,0.46876661525496766,18192.03,1,21.0,0.1,1,1,-1.9072190710079198,23,B,1
1418,45,Masculino,Brasil,Ensino Médio,788.0,Corrente,65207.5,-0.03994169360002808,31021.2,2,27.0,7.7,1,1,0.13895057305509406,37,C,1
1419,60,Masculino,Argentina,Ensino Médio,505.0,Corrente,15046.79,-0.4476485587592882,116785.44,1,27.0,1.8,1,1,0.7154140412440437,74,C,0
1420,48,Masculino,Argentina,,679.0,Premium,,-0.3208811536827796,,2,25.0,0.2,1,1,0.2519636041280662,97,C,0
1421,48,Masculino,Brasil,Pós-Graduação,580.0,Corrente,247208.2,1.4393622248212017,55003.56,3,22.0,4.4,1,1,0.37815593560696337,24,C,0
1422,54,Masculino,Brasil,Ensino Médio,627.0,Corrente,87575.57,0.14186625328435404,176184.65,1,27.0,2.5,1,0,0.13622316237666343,80,C,0
1423,37,Feminino,Brasil,Graduação,677.0,Corrente,36700.31,-0.27164848302544514,56829.38,1,28.0,18.2,0,0,-1.094247826361592,50,B,0
1424,31,Masculino,Brasil,Graduação,630.0,Corrente,2618466.4420384015,-0.348023675217573,32051.15,2,32.0,3.9,0,1,2.368045592155442,92,C,0
1425,29,Masculino,Brasil,Ensino Médio,670.0,Corrente,39812.29,-0.2463542714754428,41388.31,2,29.0,1.6,1,0,-0.5035378633157992,76,A,0
1426,18,Feminino,Brasil,Graduação,710.0,Corrente,19651.0,-0.410225483495104,24803.51,2,23.0,6.2,1,0,0.43416123877890517,20,A,0
1427,66,Feminino,Brasil,Graduação,676.0,Premium,2905.33,-0.5463344943263196,104147.37,1,28.0,1.6,1,1,-0.6468396770854272,47,B,1
1428,28,Feminino,Chile,Ensino Médio,591.0,Poupança,421094.9,2.852715451876575,69198.68,1,26.0,11.7,1,1,-2.2758631900206985,18,C,0
1429,39,Masculino,Argentina,Graduação,593.0,Poupança,43756.26,-0.21429763501670515,96244.63,4,18.0,2.3,0,0,-0.9245128737489688,26,C,0
1430,38,Feminino,Colombia,Graduação,520.0,Poupança,58558.22,-0.09398712286859635,101497.59,3,26.0,4.0,1,1,-1.447606692275138,71,B,0
1431,45,Masculino,Brasil,Ensino Médio,573.0,Poupança,33877.65,-0.29459109807237,38233.74,2,23.0,0.3,1,0,1.0915675392244895,43,C,1
1432,51,Masculino,Chile,Graduação,826.0,Poupança,15030.85,-0.44777811927449307,27809.93,3,20.0,2.8,1,0,-0.606868016044455,47,C,0
1433,52,Masculino,Argentina,Graduação,578.0,Premium,29053.39,-0.3338027424313357,47523.14,2,20.0,8.9,1,1,-0.514091339179963,85,A,0
1434,35,Masculino,Brasil,Ensino Médio,542.0,Corrente,2549086.85103071,-0.526643246738129,29037.5,1,36.0,8.2,1,1,-1.0643307126037362,43,C,0
1435,39,Masculino,Brasil,Ensino Médio,678.0,Corrente,558217.41,3.9672488923894647,54120.81,1,32.0,1.3,1,0,0.09403539871510253,32,B,1
1436,45,Feminino,Argentina,Ensino Médio,640.0,Poupança,8255.09,-0.5028515795319637,96689.31,1,23.0,1.3,1,0,-0.7164585163612808,7,A,0
1437,39,Masculino,Chile,Ensino Médio,632.0,Premium,10526.39,-0.48439042531711646,44316.67,2,16.0,8.5,1,0,0.9923547312467885,87,B,0
1438,61,Feminino,Brasil,Pós-Graduação,776.0,Premium,21411.62,-0.3959151425741582,53637.14,1,28.0,13.3,1,1,0.30203932308916087,84,B,0
1439,47,Masculino,Brasil,Graduação,699.0,Poupança,170363.7,0.8147691877662883,46336.84,1,26.0,0.5,1,1,-0.571825785724448,84,C,1
1440,50,Masculino,Argentina,Ensino Médio,602.0,Corrente,36953.32,-0.26959201464702814,79351.02,2,21.0,3.0,1,0,0.8502330518370192,32,C,0
1441,49,Masculino,Colombia,Ensino Médio,611.0,Corrente,8239.02,-0.5029821966887604,32837.64,2,24.0,2.1,1,0,0.007940523023238076,90,A,0
1442,56,Feminino,Argentina,Graduação,604.0,Premium,163604.31,0.7598287830692882,13123.14,2,30.0,10.2,1,1,0.02149690568995103,88,B,0
1443,44,Feminino,Brasil,Pós-Graduação,728.0,Corrente,87308.29,0.13969379817118333,65024.62,3,26.0,0.4,1,1,-1.4626349037319257,65,B,1
1444,26,Feminino,Brasil,Graduação,622.0,Corrente,69294.58,-0.00672185730873337,88672.11,1,21.0,1.2,0,1,-0.07108613278531384,58,C,0
1445,46,Feminino,Brasil,Ensino Médio,488.0,Premium,85723.4,0.12681179284226635,64075.96,2,21.0,7.0,1,0,0.3215446393179984,53,B,0
1446,34,Feminino,Chile,Graduação,645.0,Corrente,642572.08,4.652884683175597,33384.99,2,33.0,0.3,0,1,1.3335668221983452,92,B,0
1447,35,Feminino,Argentina,Graduação,511.0,Poupança,499875.26,3.4930431827184623,24809.77,2,16.0,3.4,1,0,-0.7518936299033228,90,B,0
1448,49,Feminino,Brasil,Ensino Médio,846.0,Poupança,15929.72,-0.44047209290673023,65953.06,1,19.0,2.9,1,0,2.2781086233855112,34,B,0
1449,56,Masculino,Brasil,Graduação,563.0,Corrente,254909.02,1.5019545840871635,53363.77,1,35.0,2.0,0,0,0.5568683168289861,90,B,1
1450,42,Feminino,Colombia,Graduação,635.0,Corrente,57515.04,-0.10246610268361167,45457.11,3,22.0,2.5,0,1,-1.5194118760338073,69,A,0
1451,45,Masculino,Argentina,,,Corrente,,-0.03269231947762149,,2,,3.8,1,1,-0.8451981140855563,56,B,0
1452,62,Masculino,Colombia,Graduação,624.0,Poupança,4766.06,-0.5312104580994045,27775.79,3,26.0,0.9,1,1,1.420999164216819,66,B,0
1453,44,Masculino,Brasil,Pós-Graduação,623.0,Corrente,29600.22,-0.3293581014947333,142204.61,2,25.0,4.2,1,1,1.2432291429623945,32,A,0
1454,73,Masculino,Chile,,,Corrente,,-0.458655350382879,,2,,8.2,1,0,0.018093481560502625,98,C,0
1455,48,Masculino,Chile,Graduação,787.0,Premium,98092.93,0.22735148416229398,16295.72,3,28.0,7.1,0,0,0.149917703057852,50,C,1
1456,20,Masculino,Brasil,Graduação,719.0,Corrente,131307.42,0.4973192656343585,44023.48,2,28.0,0.8,0,1,-1.1646102737259711,94,A,0
1457,51,Feminino,Colombia,Graduação,783.0,Corrente,3012.77,-0.5454612206905854,87177.16,1,24.0,0.8,1,1,1.321442740235342,24,A,1
1458,46,Masculino,Brasil,Pós-Graduação,555.0,Corrente,35367.84,-0.2824788155031704,39378.17,2,23.0,1.6,0,1,-0.9877670867744672,92,C,1
1459,57,Masculino,Argentina,Graduação,678.0,Corrente,139557.75,0.5643780489097426,20234.27,3,23.0,2.2,1,0,0.8447411111234174,46,B,0
1460,50,Feminino,Colombia,Ensino Médio,663.0,Premium,29027.1,-0.3340164278732889,44413.17,1,19.0,2.6,1,0,1.352042368665138,3,B,0
1461,40,Masculino,Brasil,Graduação,681.0,Corrente,87105.59,0.1380462500888739,29310.37,1,23.0,5.7,1,0,0.048155554219508956,10,A,0
1462,27,Masculino,Argentina,Graduação,773.0,Corrente,55348.15,-0.12007861113983068,65846.97,1,22.0,0.3,0,1,0.9676113661221987,6,B,0
1463,39,Masculino,Brasil,Graduação,630.0,Premium,54720.42,-0.1251808082671525,77966.92,3,22.0,0.2,1,1,1.8476397080256943,98,A,0
1464,31,Masculino,Argentina,Pós-Graduação,613.0,Poupança,26223.78,-0.3568018471633719,26010.04,1,29.0,2.5,1,0,0.267968799210738,95,C,0
1465,35,Masculino,Chile,Pós-Graduação,698.0,Corrente,8434.65,-0.5013921136530317,,2,26.0,6.0,1,0,-0.17530181643194626,52,B,0
1466,49,Masculino,Argentina,Ensino Médio,489.0,Premium,9453.72,-0.49310910021327287,77186.93,1,21.0,1.1,1,0,-0.06685285755151667,50,C,0
1467,62,Masculino,Chile,Pós-Graduação,628.0,Poupança,85069.43,0.12149631667360362,29280.98,1,28.0,5.1,1,0,-0.7429879026720885,58,B,0
1468,46,Feminino,Brasil,Graduação,637.0,Corrente,37173.44,-0.2678028765913894,25609.15,2,24.0,1.5,0,1,-0.7655837927368733,52,B,0
1469,27,Feminino,Brasil,Pós-Graduação,567.0,Poupança,30754.31,-0.3199776438414894,24168.01,1,22.0,10.9,1,1,0.44240676382570304,13,B,0
1470,47,Feminino,Brasil,Pós-Graduação,745.0,Premium,21836.36,-0.39246285065269726,60549.9,2,16.0,11.3,1,1,-0.16394982214928464,59,A,0
1471,56,Masculino,Argentina,Graduação,554.0,Corrente,25179.2,-0.3652922061955319,59011.91,2,26.0,1.8,1,0,0.3275691768512657,39,C,1
1472,34,Masculino,Brasil,Graduação,637.0,Poupança,127553.88,0.4668104465476691,32518.76,3,22.0,1.3,0,1,-1.4899361498525714,53,A,0
1473,40,Feminino,Argentina,Pós-Graduação,676.0,Premium,24287.26,-0.3725419054384284,,1,22.0,2.6,0,1,-0.09261882518714008,58,A,0
1474,42,Masculino,Brasil,,,Poupança,,-0.5109050579058891,,3,,1.4,1,0,1.0301178500904633,20,C,0
1475,32,Feminino,Argentina,,,Corrente,,0.15054940876699438,,2,29.0,5.6,0,1,-1.1189242769760182,63,C,0
1476,49,Masculino,Brasil,Graduação,734.0,Corrente,28400.1,-0.33911269155167095,15198.54,3,23.0,8.7,0,1,0.016526414134551155,96,A,0
1477,40,Feminino,Argentina,Pós-Graduação,713.0,Poupança,37709.79,-0.2634434172231275,64411.36,2,25.0,5.6,1,0,-1.854609310898411,10,A,1
1478,47,Masculino,Argentina,Pós-Graduação,661.0,Corrente,249969.44,1.4618056173559635,45878.84,2,27.0,8.7,1,1,-1.3054620222731739,26,A,0
1479,31,Masculino,Colombia,Ensino Médio,551.0,Premium,35430.47,-0.2819697580961894,32015.8,3,28.0,2.5,0,1,0.8076608876780496,19,C,0
1480,36,Feminino,Argentina,Pós-Graduação,520.0,Corrente,51380.83,-0.15232503668451766,72493.21,3,26.0,0.8,1,1,-0.3092842933129496,93,A,0
1481,50,Feminino,Argentina,Graduação,659.0,Corrente,8824.54,-0.4982230829583517,81107.85,1,25.0,6.7,1,0,1.8220728655385423,61,C,0
1482,37,Masculino,Chile,Doutorado,601.0,Poupança,27900.41,-0.3431741779909863,13030.31,1,28.0,2.2,1,0,0.4324431104243127,77,A,1
1483,62,Feminino,Argentina,Graduação,732.0,Poupança,75465.53,0.043435699862098845,33138.18,1,19.0,5.6,1,0,0.5305956648893245,34,C,0
1484,37,Masculino,Brasil,,,Corrente,,-0.5242940886387256,,1,35.0,1.6,0,1,-1.0764820498948993,84,A,1
1485,44,Masculino,Chile,Ensino Médio,633.0,Corrente,46212.89,-0.19433011629226538,69566.82,1,25.0,0.4,1,0,-0.38510537684445295,44,B,1
1486,53,Feminino,Argentina,Ensino Médio,545.0,Poupança,40984.5,-0.23682653424029732,73545.69,1,29.0,24.5,0,1,-0.7326361820476124,18,B,0
1487,24,Feminino,Brasil,Ensino Médio,695.0,Premium,38160.07,-0.259783535868898,99085.32,3,19.0,0.8,1,1,-1.0654417395505857,98,C,0
1488,20,Feminino,Argentina,,,Poupança,,0.454747501012804,,1,,22.3,1,0,0.6638931260961353,72,C,0
1489,23,Masculino,Chile,Ensino Médio,581.0,Corrente,54248.26,-0.12901853052932932,79063.81,2,24.0,18.9,0,1,0.8645158657686794,16,B,0
1490,57,Masculino,Colombia,Doutorado,561.0,Corrente,213990.37,1.1693672957882348,75420.71,1,19.0,7.9,1,0,0.3989371941674486,87,C,0
1491,35,Feminino,Colombia,Graduação,637.0,Poupança,11022.49,-0.48035811844176507,67739.51,1,27.0,5.4,0,0,-0.828067193225987,96,C,0
1492,72,Masculino,Brasil,Graduação,755.0,Premium,42749.36,-0.22248173054742748,40408.39,1,18.0,4.3,0,0,0.33073003509746257,77,B,0
1493,35,Masculino,Brasil,Ensino Médio,649.0,Corrente,40189.46,-0.24328862909653476,54351.93,1,16.0,10.1,1,1,-1.9126784014656564,26,A,0
1494,44,Masculino,Brasil,Pós-Graduação,610.0,Poupança,10065.76,-0.48813443159809433,34440.31,2,28.0,1.7,1,1,1.3230092687080401,65,C,0
1495,60,Masculino,Brasil,Graduação,512.0,Corrente,114411.17,0.3599863387191064,49399.15,3,26.0,3.2,0,0,-1.2981501756374367,66,C,1
1496,66,Masculino,Chile,Pós-Graduação,699.0,Poupança,591021.67,4.233882319397761,24316.38,1,26.0,4.8,1,1,-1.1204589824384634,77,A,0
1497,66,Masculino,Brasil,Doutorado,579.0,Poupança,35581.91,-0.2807388519216213,30504.38,2,20.0,2.6,0,1,0.11529226957019256,27,A,0
1498,56,Feminino,Argentina,Ensino Médio,660.0,Corrente,66571.07,-0.0288585799414452,,2,27.0,2.8,0,0,0.20415956024204565,4,C,1
1499,54,Feminino,Argentina,Ensino Médio,618.0,Poupança,40191.96,-0.2432683090659192,27827.41,3,21.0,2.0,0,0,-0.07274859845178454,51,C,1
1500,49,Masculino,Argentina,Pós-Graduação,725.0,Corrente,15424.28,-0.44458031541646137,36206.34,2,21.0,4.2,0,0,-1.1101279409822966,84,A,0
1501,51,Masculino,Brasil,Pós-Graduação,635.0,Corrente,4085.04,-0.5367457969993276,44428.85,2,34.0,9.5,0,1,1.1333479936032922,3,C,0
1502,35,Masculino,Brasil,Graduação,644.0,Poupança,15569.54,-0.44339964035757495,62402.3,2,27.0,1.1,1,1,-1.6859492010692505,87,A,0
1503,32,Masculino,Brasil,,,Corrente,,-0.5144031105362963,,3,25.0,13.6,1,0,-1.4832689904484448,66,A,0
1504,41,Feminino,Brasil,Graduação,839.0,Poupança,280666.52,1.7113118595192627,37113.25,1,32.0,5.8,1,0,-0.1069827719544813,16,C,0
1505,39,Feminino,Colombia,Graduação,729.0,Corrente,31630.22,-0.31285823663489987,109213.81,1,17.0,8.7,1,0,-1.2642339818443877,74,C,0
1506,36,Feminino,Chile,Ensino Médio,642.0,Poupança,23978.11,-0.3750546804243483,86091.56,3,19.0,4.1,1,0,1.2226252762759253,28,A,0
1507,50,Feminino,Brasil,Graduação,650.0,Corrente,105554.7,0.28800084210079635,66333.9,2,19.0,7.6,0,1,-1.1782146354129148,44,C,0
1508,53,Masculino,Chile,Ensino Médio,602.0,Poupança,9451.22,-0.49312942024388845,53754.87,2,27.0,0.1,0,0,1.5570271522103123,18,A,0
1509,43,Masculino,Brasil,Graduação,564.0,Poupança,14468.99,-0.45234492423515615,59365.74,2,23.0,8.5,0,1,1.0351221657715732,2,B,0
1510,59,Feminino,Argentina,Doutorado,600.0,Premium,39406.53,-0.24965229372447043,99930.55,1,20.0,0.2,1,1,1.2350557355075837,78,B,0
1511,28,Feminino,Brasil,Pós-Graduação,580.0,Premium,124806.87,0.4444827156271709,102144.91,2,19.0,11.0,0,0,1.8871059829532455,44,A,0
1512,39,Masculino,Argentina,Pós-Graduação,708.0,Corrente,66305.1,-0.031020387358573244,109203.46,2,24.0,24.1,1,0,0.08122792409576554,20,A,0
1513,33,Masculino,Brasil,,,Corrente,,-0.1723073483912456,,1,,1.7,1,0,-1.0129745958199576,56,C,0
1514,19,Feminino,Brasil,Graduação,769.0,Poupança,39884.43,-0.24576791667200026,68389.89,2,22.0,1.2,1,0,-0.10300787576864179,23,A,1
1515,41,Masculino,Brasil,Pós-Graduação,717.0,Poupança,58705.17,-0.09279271146901384,109768.39,3,28.0,7.2,1,1,-0.5666656054089627,60,A,0
1516,40,Feminino,Brasil,Pós-Graduação,651.0,Corrente,46257.71,-0.19396581878338967,33717.44,1,20.0,1.5,0,1,-0.7091912725137224,71,C,0
1517,60,Feminino,Argentina,Pós-Graduação,650.0,Corrente,10551.61,-0.4841854368482667,40495.65,2,24.0,10.0,0,1,0.15085343680683233,45,C,0
1518,49,Masculino,Brasil,Graduação,599.0,Poupança,38380.13,-0.25799488549399413,49494.76,1,20.0,0.5,1,0,-0.31170421420774647,47,B,1
1519,29,Feminino,Argentina,Ensino Médio,674.0,Premium,10012.34,-0.4885686300122876,84099.78,2,29.0,0.7,0,0,-0.7522096843169965,78,A,0
1520,64,Feminino,Argentina,Ensino Médio,747.0,Premium,40026.58,-0.2446125197311996,84889.3,1,19.0,19.4,0,0,-0.24540239258725827,37,A,0
1521,56,Feminino,Argentina,Ensino Médio,586.0,Corrente,20398.62,-0.40414881897958255,42679.82,2,26.0,5.6,1,1,0.548978464203705,8,B,0
1522,48,Masculino,Argentina,Doutorado,511.0,Corrente,764714.58,5.645660418959937,19827.68,3,24.0,9.4,1,0,0.956417206592696,5,A,0
1523,39,Masculino,Brasil,Graduação,713.0,Corrente,34617.92,-0.28857417444685823,56823.79,1,22.0,2.0,1,1,-1.6029239131909896,23,C,0
1524,30,Feminino,Brasil,Pós-Graduação,679.0,Corrente,6733.92,-0.5152156679205513,28254.57,3,24.0,5.6,1,1,-0.30320108632854215,10,A,0
1525,37,Masculino,Colombia,Graduação,549.0,Poupança,30914.6,-0.31867480475854226,20051.08,4,30.0,4.5,1,0,-0.14134320547470453,27,C,0
1526,55,Masculino,Argentina,Graduação,583.0,Poupança,67726.34,-0.019468531233750783,22963.86,1,28.0,4.6,1,1,-1.182520022227632,99,A,0
1527,64,Masculino,Argentina,Ensino Médio,572.0,Corrente,270502.53,1.6286988243287708,59624.9,1,26.0,5.7,0,1,-0.11970573304069894,1,B,0
1528,60,Feminino,Argentina,Ensino Médio,584.0,Corrente,17901.81,-0.4244429212360755,110926.42,4,28.0,4.3,1,0,0.1479956095400277,71,C,0
1529,36,Masculino,Brasil,Graduação,620.0,Corrente,5437.56,-0.5257524978760655,50178.24,4,21.0,2.8,1,0,0.5188345452809907,8,C,0
1530,28,Masculino,Argentina,Graduação,626.0,Premium,96780.85,0.2166868818542693,55649.5,1,25.0,1.6,1,0,0.07715802563167032,11,B,0
1531,43,Masculino,Chile,Ensino Médio,591.0,Corrente,6927.69,-0.5136407029876006,99681.66,1,22.0,7.3,1,1,-0.8809494099975556,98,C,0
1532,20,Feminino,Brasil,Pós-Graduação,581.0,Corrente,21517.32,-0.3950560116797324,19405.8,1,22.0,1.3,1,0,2.012030027571847,28,B,0
1533,45,Feminino,Chile,,,Poupança,,-0.3532701445622653,,4,,5.9,1,1,0.8291267716215981,34,A,1
1534,40,Masculino,Brasil,Pós-Graduação,665.0,Poupança,33404.3,-0.2984384926691198,48681.1,1,19.0,1.3,0,1,0.5527197446498667,43,B,1
1535,36,Feminino,Brasil,Ensino Médio,621.0,Premium,83033.33,0.10494687093906825,68846.49,2,19.0,4.9,1,1,1.0048312570109361,84,A,0
1536,22,Masculino,Chile,Graduação,754.0,Corrente,15988.72,-0.43999254018420303,36677.17,3,34.0,6.9,1,0,0.24460917181047706,28,C,0
1537,48,Feminino,Chile,Graduação,695.0,Poupança,26147.92,-0.35741843817237035,30008.55,1,29.0,1.2,0,1,1.2863008855219549,49,C,1
1538,35,Feminino,Chile,Pós-Graduação,506.0,Corrente,35698.92,-0.27978779320869074,53332.72,2,23.0,0.3,0,0,0.05687195028576429,61,B,0
1539,27,Feminino,Colombia,Graduação,697.0,Premium,43456.58,-0.21673343772665338,131862.47,1,23.0,0.7,1,0,0.0017474602741839962,37,A,0
1540,18,Masculino,Brasil,Graduação,704.0,Poupança,40838.99,-0.2380092413022453,82170.04,3,23.0,4.7,1,1,0.6352284787912039,3,B,0
1541,41,Feminino,Argentina,Pós-Graduação,610.0,Poupança,61279.89,-0.07186535577841754,36148.27,1,22.0,9.5,1,0,1.5763575462909234,9,C,0
1542,63,Feminino,Brasil,Ensino Médio,515.0,Corrente,99968.2,0.24259370168726935,21925.74,2,33.0,0.2,1,1,1.5120486152893071,86,C,0
1543,61,Feminino,Brasil,Ensino Médio,650.0,Poupança,58172.09,-0.09712559223723062,17867.87,2,20.0,6.6,1,0,0.5928475982599956,89,A,0
1544,36,Masculino,Brasil,Pós-Graduação,649.0,Corrente,62586.36,-0.06124635161909406,107975.5,1,31.0,2.1,1,1,0.5166118585767997,2,A,0
1545,34,Masculino,Argentina,Graduação,549.0,Corrente,,-0.5257416063396555,,1,24.0,3.3,0,1,0.6960424110964861,23,C,0
1546,47,Feminino,Brasil,Graduação,519.0,Corrente,38571.67,-0.2564380460283525,40323.59,1,24.0,13.2,0,1,0.9856209133365973,51,C,0
1547,30,Masculino,Chile,Graduação,642.0,Poupança,,-0.04517377636304454,,1,35.0,2.0,1,0,1.2987319394132422,17,A,0
1548,45,Feminino,Argentina,Ensino Médio,629.0,Corrente,87092.79,0.1379422115321222,18613.81,3,17.0,3.1,1,1,-0.23658408400384975,25,B,0
1549,51,Masculino,Brasil,Ensino Médio,612.0,Premium,15822.35,-0.4413447975816072,120013.4,3,21.0,0.1,1,1,1.3180612898373913,76,B,0
1550,56,Feminino,Argentina,Graduação,642.0,Poupança,16467.65,-0.43609979127911924,42100.54,2,32.0,0.4,1,1,0.342995114071306,27,A,0
1551,40,Masculino,Brasil,Pós-Graduação,550.0,Corrente,18234.66,-0.42173751235992,24608.57,2,22.0,1.5,1,0,0.6509316224999498,20,A,0
1552,39,Masculino,Brasil,Graduação,610.0,Poupança,69126.72,-0.008086225444384433,,2,30.0,0.1,0,0,1.3819493215339949,73,A,0
1553,31,Masculino,Chile,Graduação,697.0,Corrente,125574.85,0.45072486647202564,31775.22,3,24.0,5.0,0,0,0.7470622500906786,87,C,0
1554,32,Masculino,Brasil,Pós-Graduação,618.0,Corrente,22271.16,-0.38892879092803934,63862.77,1,25.0,2.8,1,0,0.9159955631528404,36,B,0
1555,39,Feminino,Chile,Graduação,499.0,Poupança,107964.18,0.30758512504782665,33227.08,1,25.0,4.0,0,0,-0.3894185332824212,28,A,0
1556,46,Feminino,Argentina,,,Premium,,-0.22763212678736944,,1,22.0,1.0,1,1,1.4983115437496803,29,B,1
1557,52,Feminino,Brasil,,,Corrente,,-0.3156736175167467,,2,26.0,1.8,1,0,0.695686711076125,42,C,0
1558,32,Feminino,Argentina,Ensino Médio,674.0,Poupança,28179.19,-0.34090825073698416,21721.83,1,23.0,5.5,1,0,0.12606571784049764,58,C,0
1559,59,Feminino,Brasil,Graduação,678.0,Poupança,88959.25,0.15311282126920836,55414.24,1,37.0,16.8,1,1,1.1010743868931026,32,A,0
1560,38,Masculino,Brasil,Doutorado,500.0,Corrente,53674.5,-0.13368205883572246,24045.95,1,27.0,0.3,1,0,2.587830497760499,12,A,0
1561,41,Masculino,Brasil,Doutorado,718.0,Poupança,557373.31,3.960388037252428,36577.64,2,26.0,11.1,1,1,-1.1689245018219347,30,A,0
1562,33,Masculino,Brasil,Ensino Médio,549.0,Poupança,13060.27,-0.46379501764665587,54696.37,1,29.0,4.3,0,1,-0.8037326229232822,60,A,0
1563,18,Feminino,Brasil,Ensino Médio,790.0,Corrente,67624.26,-0.020298238723845282,43153.76,1,26.0,4.1,1,1,2.6853053088358845,11,B,0
1564,52,Masculino,Colombia,Graduação,645.0,Premium,19244.08,-0.41353293423833726,56968.75,1,18.0,3.5,1,1,0.4266948423043742,84,A,0
1565,50,Masculino,Brasil,Graduação,537.0,Poupança,12795.59,-0.46594633992798634,73730.53,1,22.0,0.4,1,1,0.19086967863156787,11,B,0
1566,38,Feminino,Argentina,Graduação,547.0,Corrente,35845.0,-0.27860045317976245,24470.9,2,27.0,0.5,1,0,-0.11538574166216507,80,C,0
1567,42,Feminino,Brasil,Graduação,681.0,Premium,,-0.22188586596965687,,1,23.0,4.6,0,1,1.2084360009714399,99,C,0
1568,48,Feminino,Brasil,Pós-Graduação,614.0,Corrente,1204780.88,9.222524694510154,6649.51,1,25.0,2.1,1,1,2.611247308810287,50,B,0
1569,23,Feminino,Brasil,,,Premium,,-0.3332981554310901,,2,,12.5,0,0,-0.6651885407333455,1,B,0
1570,35,Feminino,Argentina,Pós-Graduação,795.0,Corrente,9356.12,-0.4939023942085043,40925.62,1,32.0,2.6,1,0,-0.09687672718933386,89,A,0
1571,51,Masculino,Brasil,Ensino Médio,587.0,Poupança,50393.27,-0.16035193645839807,27171.67,1,31.0,0.8,1,1,-0.3507271285678659,27,A,0
1572,26,Feminino,Brasil,Ensino Médio,655.0,Corrente,3012.22,-0.5454656910973209,59244.7,3,26.0,6.3,1,1,0.7328649768192781,32,A,0
1573,45,Feminino,Brasil,Graduação,777.0,Poupança,32521.34,-0.3056152023620453,99073.63,1,31.0,1.7,0,0,1.2223934376505747,6,C,0
1574,25,Masculino,Argentina,Ensino Médio,674.0,Corrente,37020.62,-0.26904499942285726,36841.84,1,23.0,3.7,0,1,1.6209327853331168,41,B,0
1575,47,Masculino,Brasil,Graduação,505.0,Corrente,94232.5,0.19597386184660587,27808.9,1,32.0,6.0,1,1,0.7667182826202803,36,B,0
1576,41,Masculino,Argentina,Pós-Graduação,695.0,Corrente,116814.99,0.37952461711682317,54123.03,2,24.0,11.5,1,1,2.519332791243617,39,B,0
1577,22,Masculino,Brasil,Ensino Médio,545.0,Premium,19845.18,-0.40864718607713235,21996.44,2,24.0,7.9,1,1,-0.574752983207413,87,B,0
1578,55,Feminino,Argentina,Pós-Graduação,776.0,Corrente,30310.92,-0.32358152319134237,32983.78,2,24.0,5.6,1,0,-0.8345405524327041,93,A,0
1579,33,Masculino,Brasil,Graduação,575.0,Poupança,14481.9,-0.45223999159705736,102072.77,2,27.0,5.7,1,1,1.469344293316209,30,A,0
1580,32,Masculino,Brasil,Ensino Médio,900.0,Poupança,9379.91,-0.4937090287971666,50884.19,1,24.0,14.6,1,1,0.1228323195963367,86,B,0
1581,44,Feminino,Brasil,Graduação,782.0,Premium,52673.81,-0.14181567941039577,15872.13,1,25.0,1.8,1,1,-1.375940323415281,57,A,1
1582,55,Masculino,Colombia,Pós-Graduação,578.0,Corrente,7876.96,-0.5059250248026281,16677.32,3,27.0,0.0,1,1,-0.3160629716374493,11,C,1
1583,29,Masculino,Brasil,Graduação,651.0,Premium,22080.45,-0.3904788841435166,54027.66,3,26.0,1.6,1,0,0.2556586540972739,90,A,0
1584,42,Feminino,Colombia,Graduação,717.0,Corrente,11001.55,-0.4805283190182009,82243.06,1,19.0,1.2,1,0,-0.6462482379073551,87,C,0
1585,47,Masculino,Brasil,Pós-Graduação,720.0,Poupança,70236.25,0.000932047983167797,4892936.4334663,2,22.0,5.4,1,0,-1.0146606870945887,3,C,0
1586,50,Feminino,Brasil,Pós-Graduação,689.0,Poupança,315437.59,1.9939315422935535,64204.43,1,21.0,5.0,1,1,-0.20762913652587592,48,B,0
1587,44,Masculino,Brasil,Ensino Médio,762.0,Corrente,7616.67,-0.5080406651101976,108902.26,1,25.0,4.5,1,1,-1.0645334203617114,6,B,0
1588,37,Masculino,Brasil,Pós-Graduação,638.0,Corrente,3929.93,-0.5380065329788393,152164.19,1,32.0,0.1,0,1,0.6351310389802319,7,A,0
1589,32,Masculino,Chile,Graduação,616.0,Corrente,31261.29,-0.315856904192899,59798.37,1,24.0,6.5,0,1,-1.9438048468928464,44,B,0
1590,43,Masculino,Chile,Pós-Graduação,618.0,Corrente,37006.07,-0.26916326200103985,66441.79,2,27.0,2.0,1,1,0.09042492796542237,61,C,0
1591,29,Feminino,Argentina,Graduação,727.0,Premium,47211.42,-0.18621405222404397,13630.83,2,24.0,5.5,1,0,0.5195098881083026,54,C,0
1592,18,Feminino,Argentina,Ensino Médio,682.0,Corrente,21256.44,-0.39717644751452713,172793.33,1,30.0,4.1,1,0,-0.09054123974837629,51,A,1
1593,47,Feminino,Brasil,Graduação,676.0,Premium,28544.88,-0.3379359179386627,34707.32,1,15.0,2.1,1,0,1.093222897070873,86,C,0
1594,52,Masculino,Colombia,Graduação,721.0,Corrente,56444.46,-0.11116779003417353,27998.81,3,24.0,0.7,0,1,-1.3705612342041356,48,B,0
1595,18,Feminino,Brasil,Graduação,465.0,Premium,126565.73,0.45877875124656337,42061.0,1,27.0,0.5,0,1,-0.7010895013761145,61,A,1
1596,29,Feminino,Argentina,Pós-Graduação,677.0,Poupança,3477.06,-0.5416874658847864,121419.17,2,25.0,8.9,1,0,-0.33003464625088946,97,A,0
1597,49,Masculino,Brasil,Pós-Graduação,669.0,Poupança,23324.81,-0.3803647108248061,184393.55,1,30.0,12.5,1,0,0.7127245694093065,40,A,0
1598,66,Feminino,Colombia,Graduação,800.0,Corrente,46937.42,-0.18844112757950918,52851.7,2,15.0,5.2,1,1,0.21850758604612067,3,B,0
1599,42,Masculino,Chile,Graduação,512.0,Poupança,12069.4,-0.4718488211410713,89219.11,1,19.0,0.5,0,1,2.143365982742418,30,C,0
1600,33,Masculino,Colombia,Graduação,790.0,Corrente,289932.54,1.7866261835530133,50308.15,1,20.0,2.6,1,1,-0.8057858969738931,24,B,0
1601,39,Feminino,Brasil,Graduação,656.0,Corrente,16941.27,-0.4322502021190629,26299.96,1,23.0,6.5,1,0,-1.3949888985806513,67,A,0
1602,58,Feminino,Brasil,Doutorado,694.0,Poupança,34559.88,-0.28904592427762904,118900.97,1,35.0,7.6,0,0,1.789088982933061,2,C,0
1603,34,Masculino,Brasil,Graduação,800.0,Poupança,70772.55,0.005291100950817426,33749.59,1,24.0,0.6,1,1,-1.4308585839323829,44,A,0
1604,32,Masculino,Argentina,Graduação,700.0,Corrente,17862.49,-0.424762514677597,123169.71,2,33.0,0.0,1,0,0.683062711399045,40,B,0
1605,36,Feminino,Argentina,Graduação,686.0,Poupança,3960.45,-0.5377584660450845,106843.97,1,16.0,6.2,0,0,-0.9786700420219693,19,A,0
1606,30,Feminino,Brasil,,671.0,Poupança,,-0.3934747068972297,,1,23.0,2.2,1,1,-2.069318350847686,63,B,0
1607,43,Masculino,Brasil,Graduação,606.0,Corrente,124907.49,0.44530055621938597,146882.0,2,23.0,1.5,0,1,-0.37478379381323196,24,A,0
1608,61,Masculino,Brasil,Graduação,647.0,Poupança,24239.19,-0.37293261898710434,187101.7,2,42.0,0.1,0,1,0.89949996247716,50,A,0
1609,45,Masculino,Chile,,,Poupança,,-0.4630547995713924,,4,,3.9,0,1,-1.2217710884730737,20,A,0
1610,38,Feminino,Brasil,,,Corrente,,0.32643390416669626,,2,,9.5,1,0,0.576094728144831,57,B,0
1611,38,Masculino,Argentina,Graduação,439.0,Poupança,24417.86,-0.3714803870390716,16017.52,2,26.0,15.8,1,0,0.7628635611864517,50,B,0
1612,23,Masculino,Brasil,Graduação,688.0,Poupança,19688.84,-0.409917919511707,188491.72,2,29.0,4.2,1,0,-1.271690141519304,95,B,0
1613,52,Masculino,Brasil,Ensino Médio,639.0,Poupança,43449.18,-0.21679358501727544,37653.86,3,37.0,3.6,1,1,-0.22776128871237047,58,B,0
1614,41,Feminino,Colombia,Pós-Graduação,619.0,Corrente,91573.78,0.1743637531273268,96860.02,3,31.0,0.4,1,0,1.5770748223271638,31,B,0
1615,39,Feminino,Brasil,Graduação,669.0,Poupança,632892.74,4.574210889120238,31421.47,1,24.0,4.0,1,1,0.6505926199637431,37,C,0
1616,80,Feminino,Brasil,Pós-Graduação,520.0,Corrente,97996.14,0.22656477385698207,123371.99,1,26.0,2.4,1,0,-0.26149246457602043,93,A,0
1617,45,Masculino,Brasil,Ensino Médio,823.0,Corrente,146065.14,0.6172701945206944,32206.69,1,36.0,4.7,1,1,0.4152954812539195,4,B,0
1618,32,Masculino,Brasil,Ensino Médio,640.0,Corrente,19788.19,-0.40911040149504463,23979.83,2,26.0,2.5,0,1,-0.6852633084704479,58,C,0
1619,36,Feminino,Argentina,Graduação,636.0,Premium,10603.7,-0.48376204869036094,43256.21,2,12.0,1.4,1,1,1.113695678385025,10,C,0
1620,55,Feminino,Brasil,Ensino Médio,563.0,Poupança,39135.98,-0.2518513274376861,35629.69,2,20.0,0.5,1,0,1.1132600646021393,63,A,0
1621,43,Feminino,Argentina,Pós-Graduação,652.0,Corrente,41299.43,-0.23426677934359416,70107.14,1,22.0,1.9,1,1,0.12090591508605468,36,A,0
1622,24,Feminino,Brasil,,,Corrente,,-0.48903834783999683,,2,,0.5,0,0,0.23070615645769357,55,A,0
1623,53,Feminino,Chile,Graduação,743.0,Corrente,29426.37,-0.33077115642373933,71440.59,3,25.0,1.0,1,1,-0.9987968750056726,99,B,1
1624,33,Feminino,Chile,,,Corrente,,-0.0933181874607322,,1,,21.8,1,1,-1.3520364270678293,57,A,0
1625,64,Feminino,Colombia,Graduação,699.0,Poupança,55964.46,-0.11506923591236075,32890.38,2,24.0,2.9,1,0,-0.37660474394153076,85,A,0
1626,54,Feminino,Colombia,Ensino Médio,617.0,Poupança,66512.52,-0.0293344750584616,34539.67,1,24.0,3.8,0,1,-0.08740170969117815,43,A,0
1627,36,Masculino,Brasil,Graduação,519.0,Premium,51490.76,-0.15143152429829032,167202.89,3,20.0,10.3,0,1,1.0626274973879888,65,C,0
1628,57,Masculino,Brasil,Graduação,631.0,Premium,19763.45,-0.40931148851801624,56111.86,3,34.0,27.1,1,1,0.9224277506183106,12,B,0
1629,42,Feminino,Argentina,Ensino Médio,628.0,Poupança,19600.67,-0.41063456635145645,14909.33,2,21.0,4.4,1,1,0.18483288835909284,62,A,0
1630,52,Masculino,Brasil,Graduação,744.0,Corrente,8614.98,-0.49992638920467036,35877.82,2,30.0,8.4,1,0,1.190538984372787,24,C,0
1631,47,Feminino,Brasil,Pós-Graduação,677.0,Corrente,309195.81,1.9431982780153212,51954.29,3,30.0,2.0,1,0,-0.9434861788144033,2,B,1
1632,31,Masculino,Brasil,Pós-Graduação,795.0,Poupança,36906.41,-0.2699732997014984,148336.68,2,23.0,1.8,0,0,1.0773368872783697,47,A,0
1633,34,Masculino,Brasil,Ensino Médio,757.0,Corrente,27727.4,-0.3445804053897054,90873.09,1,27.0,2.6,1,1,-0.7904287143494676,56,C,1
1634,54,Masculino,Brasil,Ensino Médio,608.0,Poupança,11913.76,-0.47311386496707347,28196.96,2,33.0,5.6,1,0,1.2396945300642426,84,B,0
1635,37,Masculino,Brasil,Graduação,488.0,Premium,1230325.69,9.430153223017605,209193.19,1,23.0,5.7,1,1,-0.013346464769981237,16,A,0
1636,37,Masculino,Brasil,Graduação,774.0,Premium,10016.67,-0.48853343571926144,48112.81,1,20.0,1.9,1,1,-1.9982866765377374,34,A,0
1637,30,Masculino,Argentina,Graduação,772.0,Corrente,21706.84,-0.39351559079882814,103548.76,3,36.0,0.7,1,1,0.7301571640314422,77,C,0
1638,47,Feminino,Brasil,Pós-Graduação,527.0,Corrente,59814.55,-0.0837756572432985,24513.88,2,30.0,5.0,1,0,0.80954575950078,18,A,0
1639,66,Masculino,Colombia,Pós-Graduação,785.0,Poupança,74626.84,0.03661881727131373,11627.2,1,21.0,0.7,1,0,-0.4565800544885821,29,C,1
1640,29,Masculino,Brasil,Ensino Médio,684.0,Poupança,114636.15,0.36181497891426173,21056.01,1,25.0,4.3,1,0,-0.37125957839401674,54,C,1
1641,42,Masculino,Argentina,Graduação,664.0,Corrente,,2.0130109943999708,,1,21.0,5.9,1,0,-0.15954527988460382,51,C,0
1642,58,Feminino,Brasil,Ensino Médio,795.0,Poupança,66661.92,-0.028120150028875874,174077.1,1,23.0,6.0,0,0,-1.9251518126262714,14,B,0
1643,41,Feminino,Brasil,Graduação,771.0,Poupança,10226.76,-0.4868258216264523,55754.85,1,28.0,7.0,1,0,-2.3647281730951435,94,C,0
1644,47,Feminino,Brasil,Ensino Médio,708.0,Corrente,26679.9,-0.3530944982176244,28147.49,2,20.0,10.3,1,1,1.3016256381303892,58,B,0
1645,29,Masculino,Brasil,Ensino Médio,692.0,Corrente,52543.61,-0.14287394660485403,64316.69,1,19.0,3.5,1,0,-0.8240676674105768,35,A,0
1646,47,Masculino,Chile,Graduação,705.0,Premium,434465.25,2.961389820412868,54918.22,2,19.0,6.6,1,0,1.8552641095763638,9,B,0
1647,39,Feminino,Argentina,,,Poupança,,-0.5147914669614209,,1,,4.8,1,0,1.370401801138914,37,C,0
1648,53,Feminino,Brasil,,,Corrente,,0.679743640967494,,4,20.0,1.0,1,0,1.5671953142697388,12,A,0
1649,56,Masculino,Brasil,Doutorado,568.0,Poupança,45066.63,-0.20364693160962144,41193.98,1,20.0,0.1,0,0,-0.6502989524671549,85,C,0
1650,73,Masculino,Brasil,Graduação,620.0,Poupança,99249.94,0.23675567561129698,28914.44,1,28.0,1.7,1,0,-1.608401186930581,82,C,0
1651,48,Masculino,Brasil,Ensino Médio,617.0,Premium,32131.96,-0.3087800877704797,80552.56,1,23.0,2.9,0,1,-1.086882306594355,11,A,0
1652,45,Masculino,Brasil,Ensino Médio,592.0,Corrente,13214.64,-0.4625402963962064,79332.22,2,40.0,4.8,1,0,-0.4464547271529116,27,C,1
1653,44,Feminino,Colombia,Graduação,662.0,Premium,89415.32,0.1568197638143435,,2,20.0,9.5,1,1,-2.37322973285064,88,B,1
1654,37,Masculino,Brasil,Doutorado,620.0,Corrente,79643.62,0.07739526654792231,181050.72,1,17.0,1.1,0,0,-0.47542568912416716,43,A,1
1655,46,Masculino,Argentina,Graduação,695.0,Poupança,116595.78,0.3777428755523285,,1,26.0,0.7,1,1,-0.20167802751111075,50,A,0
1656,38,Masculino,Argentina,Pós-Graduação,503.0,Poupança,35740.31,-0.2794513747818196,28569.22,1,22.0,16.5,1,1,-1.2944209715866946,98,A,0
1657,44,Feminino,Chile,Graduação,639.0,Corrente,17680.43,-0.42624230058714446,62997.79,2,37.0,0.6,1,1,-1.0404850982458325,20,C,1
1658,57,Feminino,Brasil,Graduação,661.0,Corrente,5594.03,-0.5244807077998989,32696.96,2,27.0,3.3,1,1,-0.22059852118080178,13,C,0
1659,29,Feminino,Argentina,Graduação,622.0,Premium,97075.85,0.2190846454669052,65993.39,1,15.0,4.4,1,0,0.3562865483103014,47,A,1
1660,55,Masculino,Chile,Graduação,634.0,Poupança,60395.35,-0.07905490773069199,,1,17.0,3.9,1,0,-0.8908226680002443,8,B,0
1661,57,Feminino,Brasil,Graduação,507.0,Corrente,11396.49,-0.4773182418616775,38555.52,1,19.0,0.4,0,0,0.2922526095762693,69,C,0
1662,40,Masculino,Brasil,Pós-Graduação,682.0,Corrente,19028.85,-0.41528232631409195,152436.63,1,28.0,0.3,1,0,0.13684600798785523,71,C,0
1663,18,Masculino,Colombia,Ensino Médio,708.0,Corrente,2525517.8172021275,-0.40136229254120975,38432.07,2,27.0,0.6,0,0,0.046885859018390895,64,C,0
1664,34,Masculino,Argentina,Graduação,694.0,Corrente,6126.74,-0.5201508343962132,30354.17,1,27.0,4.4,0,1,-0.652014123856577,44,B,0
1665,57,Feminino,Brasil,,,Premium,,-0.4593023401576784,,1,,3.9,1,0,-1.3333795960353827,12,C,0
1666,41,Masculino,Brasil,Graduação,668.0,Poupança,9315.21,-0.4942349111894973,26091.76,1,32.0,1.3,1,0,1.6964519799007398,4,C,1
1667,30,Feminino,Brasil,Graduação,693.0,Premium,,-0.3900157500057268,,4,36.0,5.1,1,0,0.630305916457426,40,B,0
1668,35,Masculino,Brasil,Graduação,664.0,Corrente,14966.4,-0.4483019696637621,69281.74,3,23.0,8.6,1,1,1.005731653060738,19,B,0
1669,52,Masculino,Brasil,Graduação,711.0,Poupança,5154.34,-0.5280545135044409,86081.25,1,18.0,0.2,1,1,-0.08362968483892229,54,C,0
1670,48,Masculino,Brasil,Graduação,508.0,Corrente,411312.39,2.773203090797772,101954.9,1,35.0,3.4,0,1,-0.16402544226013785,1,A,0
1671,39,Masculino,Argentina,Pós-Graduação,569.0,Poupança,163251.77,0.7569633336320045,31309.19,1,28.0,5.8,1,0,0.49065968072538757,13,A,0
1672,37,Masculino,Argentina,Pós-Graduação,792.0,Corrente,14259.47,-0.4540479053609848,70094.89,2,21.0,1.5,0,0,-1.8346883504522455,50,B,0
1673,37,Masculino,Chile,Graduação,428.0,Corrente,50357.64,-0.16064153753473098,37061.54,1,21.0,1.8,1,1,-1.1146434693531446,53,C,0
1674,30,Masculino,Brasil,Doutorado,637.0,Poupança,,-0.08282476109061285,,2,20.0,4.8,1,0,-0.797774878028373,42,B,0
1675,61,Masculino,Chile,Pós-Graduação,755.0,Corrente,151645.83,0.6626301111830706,100904.28,2,33.0,11.4,1,1,-0.4545664225417623,25,B,0
1676,38,Feminino,Brasil,Graduação,641.0,Poupança,13597.95,-0.45942474802210653,,3,25.0,8.3,1,0,-0.8796956794701541,44,A,0
1677,56,Masculino,Brasil,Ensino Médio,613.0,Poupança,134662.66,0.524590697443377,57926.07,1,26.0,4.4,1,0,0.33280712525074635,98,B,0
1678,60,Masculino,Chile,Graduação,661.0,Poupança,18816.96,-0.4170045708289442,53817.16,3,22.0,6.6,0,1,0.08144723446283578,99,B,0
1679,53,Masculino,Brasil,Graduação,618.0,Premium,7309.76,-0.510535233348686,25784.98,2,23.0,2.3,1,1,1.392864689751377,61,C,0
1680,36,Masculino,Brasil,Pós-Graduação,652.0,Corrente,86592.1,0.1338725970805607,87522.9,1,26.0,5.1,1,1,2.4737591571125623,81,C,0
1681,46,Feminino,Brasil,Pós-Graduação,588.0,Corrente,170913.03,0.8192341487335061,68608.28,1,25.0,3.1,1,0,-1.262850240148433,90,B,0
1682,41,Feminino,Brasil,Pós-Graduação,749.0,Poupança,810568.2,6.018359203853612,14886.73,1,23.0,1.1,0,1,0.14730521396844534,21,B,0
1683,31,Masculino,Argentina,Graduação,778.0,Poupança,8606.99,-0.49999133202251766,57898.84,1,20.0,6.0,1,0,0.1455258782069742,51,C,0
1684,45,Feminino,Colombia,Graduação,637.0,Corrente,84011.05,0.11289379107244579,30829.15,1,29.0,4.1,0,0,-0.014198069764662404,76,A,0
1685,27,Feminino,Argentina,Graduação,525.0,Poupança,22208.68,-0.3894366291331834,94678.78,2,22.0,2.2,0,0,-1.0848245709655016,80,C,0
1686,56,Feminino,Chile,Ensino Médio,602.0,Corrente,92969.84,0.1857109459037894,20594.1,1,17.0,12.1,1,1,-0.9171974456425503,52,C,0
1687,36,Feminino,Argentina,Graduação,633.0,Corrente,6219.3,-0.5193985055827027,39581.37,3,18.0,0.1,1,1,0.24040561191611917,63,C,0
1688,44,Masculino,Chile,Ensino Médio,695.0,Corrente,7979.86,-0.5050886523424917,60913.78,1,25.0,1.9,0,0,-0.9453500733072364,84,C,0
1689,45,Masculino,Brasil,Graduação,559.0,Corrente,14313.38,-0.45360972422079093,50645.42,4,31.0,0.3,1,1,0.15927197216700772,54,C,0
1690,38,Feminino,Colombia,Graduação,580.0,Corrente,39924.96,-0.24543848833566084,77479.99,1,16.0,7.3,1,0,-0.24594978454560504,10,A,0
1691,49,Feminino,Brasil,Pós-Graduação,695.0,Corrente,16826.37,-0.43318411072615404,19711.29,2,26.0,6.1,1,0,0.14165790312128204,87,C,0
1692,36,Feminino,Colombia,,,Corrente,,0.08099670749410152,,1,23.0,2.0,1,1,-0.9533004704344341,94,C,0
1693,52,Feminino,Brasil,Pós-Graduação,594.0,Corrente,124526.46,0.44220353971320747,67177.04,1,26.0,5.6,0,1,0.15746924233453652,59,A,0
1694,25,Masculino,Argentina,Doutorado,530.0,Corrente,74569.96,0.03615649593474862,110838.66,3,25.0,2.5,0,1,-0.8809525834765903,8,B,0
1695,43,Masculino,Argentina,Pós-Graduação,900.0,Poupança,253354.55,1.4893198328907766,82829.88,1,27.0,7.1,1,1,0.16069560865691823,51,A,0
1696,65,Feminino,Colombia,Pós-Graduação,720.0,Corrente,59813.82,-0.08378159069223827,48680.51,2,19.0,3.0,0,0,1.339396122439157,5,C,0
1697,29,Feminino,Argentina,,,Corrente,,-0.5014181232922197,,2,,2.7,0,1,0.26098385001607055,76,B,0
1698,33,Feminino,Brasil,Graduação,728.0,Corrente,,0.9457210561073975,,2,22.0,13.6,1,1,0.32187038238305715,42,A,0
1699,48,Feminino,Brasil,Pós-Graduação,638.0,Corrente,17567.62,-0.42715922164864095,127228.25,2,31.0,1.4,0,0,0.817206517497548,78,B,0
1700,44,Masculino,Brasil,Pós-Graduação,728.0,Corrente,,0.31017535999045315,,2,24.0,0.6,1,1,-1.4035583444732629,12,A,0
1701,46,Masculino,Brasil,Graduação,664.0,Corrente,240020.85,1.380943356003308,33800.81,1,24.0,4.4,1,1,1.7189215737230124,24,A,0
1702,47,Feminino,Brasil,Pós-Graduação,658.0,Poupança,62819.8,-0.059348948440335655,9036.41,2,18.0,17.4,1,0,-1.05558999261237,45,B,0
1703,49,Feminino,Brasil,Graduação,639.0,Poupança,6030.65,-0.5209318550929528,43147.78,3,30.0,2.4,1,1,0.879660997368937,53,B,0
1704,55,Masculino,Brasil,Ensino Médio,519.0,Premium,12065.98,-0.4718766189429534,41248.84,1,21.0,0.3,0,0,0.7469099872563228,53,B,0
1705,46,Masculino,Chile,Graduação,824.0,Poupança,177600.75,0.8735920187928191,42198.35,1,21.0,2.1,1,1,-0.9021663615047605,17,B,0
1706,39,Masculino,Chile,Graduação,565.0,Corrente,29645.12,-0.3289931537448779,67314.0,2,19.0,3.5,1,0,1.0088861367667623,65,C,0
1707,50,Masculino,Brasil,Graduação,527.0,Corrente,39954.17,-0.24520106909794867,82927.96,1,28.0,0.9,1,1,0.4978127664133091,58,A,0
1708,64,Feminino,Brasil,Ensino Médio,630.0,Poupança,90272.6,0.1637877461527859,88803.36,1,22.0,5.4,0,1,1.8899786444022575,37,C,0
1709,40,Masculino,Brasil,Graduação,563.0,Corrente,83749.66,0.11076920995140548,64050.4,1,26.0,30.0,1,0,0.19337875134129315,75,A,0
1710,30,Masculino,Brasil,Pós-Graduação,645.0,Corrente,50744.56,-0.15749664703642224,16639.55,2,29.0,3.0,1,0,-0.10854333152259746,42,C,1
1711,55,Feminino,Brasil,Graduação,711.0,Corrente,28271.17,-0.34016063617057657,39945.85,1,22.0,2.2,0,1,-0.5147625279182043,70,C,0
1712,40,Masculino,Brasil,Ensino Médio,739.0,Poupança,24954.21,-0.36712092767080967,195331.59,2,20.0,2.6,0,1,-1.7433552713511733,79,A,0
1713,18,Feminino,Brasil,Graduação,723.0,Premium,101669.09,0.25641855643674827,61361.02,2,17.0,0.6,0,1,-0.31822756475115965,40,C,0
1714,52,Masculino,Brasil,Graduação,622.0,Premium,70564.57,0.0036006369638479177,61125.95,1,12.0,10.7,1,0,-0.2758983942588769,23,B,0
1715,35,Feminino,Brasil,Graduação,654.0,Corrente,26668.54,-0.35318683243674154,60821.07,2,29.0,2.7,0,0,0.26205818255743474,23,B,0
1716,40,Masculino,Brasil,Graduação,686.0,Corrente,133057.25,0.5115419053031675,62895.37,4,27.0,2.4,1,1,-1.4231031108824657,49,C,0
1717,45,Masculino,Argentina,Pós-Graduação,491.0,Poupança,31106.1,-0.31711829041339046,11732.67,2,19.0,5.4,1,1,-0.23901221118687904,76,C,0
1718,44,Feminino,Chile,Ensino Médio,701.0,Poupança,13069.09,-0.4637233285786443,42458.63,3,19.0,2.9,1,0,0.5762513920221156,7,A,0
1719,50,Feminino,Brasil,Graduação,518.0,Corrente,14606.69,-0.4512256969488511,47918.85,1,28.0,5.2,1,1,0.6755096754925167,37,A,0
1720,36,Masculino,Brasil,Pós-Graduação,833.0,Poupança,11220.65,-0.47874747153505337,105756.78,2,26.0,0.3,1,0,-1.8598151761373272,16,C,0
1721,48,Feminino,Brasil,Doutorado,613.0,Poupança,26189.35,-0.3570816946250093,50443.23,1,24.0,8.4,1,0,0.7064066086532242,38,A,0
1722,38,Masculino,Brasil,Ensino Médio,633.0,Premium,159606.89,0.72733770435599,18253.15,1,29.0,14.1,1,1,-0.2465739131214918,99,B,0
1723,50,Feminino,Brasil,Graduação,580.0,Poupança,13820.19,-0.4576183785805058,63452.92,1,27.0,5.2,1,0,-0.18501087749855402,40,B,1
1724,49,Masculino,Brasil,Ensino Médio,593.0,Corrente,45532.01,-0.19986431727047396,30263.73,1,32.0,15.5,0,0,-2.364515369855838,29,B,0
1725,30,Masculino,Brasil,Graduação,854.0,Poupança,16514.15,-0.43572183870966985,23621.88,3,22.0,0.8,0,1,1.4935711625578796,17,A,0
1726,55,Masculino,Brasil,Ensino Médio,734.0,Poupança,26572.42,-0.3539680969738485,29717.89,1,25.0,3.2,0,1,0.1767988850112951,90,A,0
1727,35,Masculino,Argentina,Pós-Graduação,510.0,Poupança,5931.01,-0.5217417302331665,67880.39,2,26.0,4.6,1,1,-1.531460426522707,20,A,0
1728,51,Masculino,Brasil,Ensino Médio,785.0,Poupança,27871.34,-0.34341045930698405,104324.0,2,22.0,4.4,0,1,0.3752015749164665,25,A,0
1729,46,Masculino,Brasil,Graduação,757.0,Premium,28783.38,-0.3359973870179384,,2,23.0,2.6,1,1,0.34447844084702445,60,C,1
1730,64,Masculino,Brasil,,,Poupança,,-0.005468111419753412,,1,25.0,2.1,1,0,1.2225441529329892,38,C,0
1731,39,Masculino,Brasil,Doutorado,677.0,Corrente,47473.98,-0.1840799613286755,65109.59,2,25.0,0.7,0,0,-0.3096887692908779,63,C,1
1732,37,Masculino,Chile,,,Poupança,,-0.49987932801376467,,1,,2.5,1,1,0.011996068938586246,39,C,0
1733,41,Feminino,Argentina,Graduação,827.0,Poupança,133390.73,0.5142524348270382,74470.5,1,34.0,0.9,1,0,-0.6428078002379078,64,B,0
1734,38,Feminino,Brasil,Ensino Médio,578.0,Corrente,46740.38,-0.19004267111250503,11484.28,4,22.0,6.6,1,1,0.5979486139927381,83,A,0
1735,51,Feminino,Argentina,Ensino Médio,663.0,Corrente,46077.14,-0.1954334939546902,52399.54,1,20.0,1.2,1,1,-0.7834903416750496,21,B,0
1736,22,Feminino,Argentina,Pós-Graduação,611.0,Poupança,35917.55,-0.2780107658912989,26187.7,1,25.0,0.3,1,0,-0.8929905170802298,32,A,1
1737,29,Feminino,Brasil,Graduação,521.0,Corrente,19510.17,-0.4113701514597397,98493.08,3,20.0,4.0,0,1,-0.06779753777992059,28,C,0
1738,29,Feminino,Brasil,Graduação,847.0,Poupança,47162.9,-0.1866084233782307,2953480.73344193,1,32.0,4.5,0,1,-1.2258637713038287,12,B,0
1739,53,Masculino,Chile,Ensino Médio,543.0,Corrente,64260.87,-0.04763591383267051,49939.56,2,28.0,10.3,1,0,1.6021312185392342,79,A,0
1740,62,Masculino,Brasil,Pós-Graduação,669.0,Premium,4463.66,-0.5336683690026623,19869.81,1,26.0,4.3,1,0,1.9272667277418754,92,C,1
1741,40,Masculino,Brasil,Graduação,493.0,Corrente,19024.58,-0.4153170329263833,90228.31,1,27.0,2.1,0,1,-0.45359008542181545,85,A,1
1742,39,Masculino,Brasil,,,Corrente,,-0.35257389903325387,,1,,8.1,0,0,-1.3865950065571653,80,A,0
1743,42,Feminino,Argentina,Graduação,687.0,Corrente,49385.13,-0.16854611072430573,68471.22,1,20.0,3.9,1,0,0.33659203890206146,23,C,0
1744,55,Feminino,Chile,Graduação,575.0,Poupança,152051.29,0.6659256950284245,30097.17,1,25.0,0.4,1,0,-0.48210251796892406,90,B,0
1745,30,Masculino,Chile,Graduação,702.0,Corrente,14384.56,-0.4530311723091048,30816.83,2,24.0,4.2,1,0,1.174681132528032,15,A,0
1746,44,Feminino,Argentina,Ensino Médio,625.0,Corrente,19979.18,-0.4075580324361384,56058.98,2,31.0,11.9,1,1,-0.7871465955299036,12,C,0
1747,53,Masculino,Colombia,Pós-Graduação,754.0,Poupança,19632.84,-0.41037308819749546,32315.46,3,23.0,2.5,0,1,0.5445132224284427,4,A,0
1748,48,Masculino,Argentina,Pós-Graduação,772.0,Corrente,13879.48,-0.4571364687344273,63636.07,1,31.0,1.8,1,1,0.11399358939169314,35,A,0
1749,44,Feminino,Argentina,Ensino Médio,597.0,Poupança,23941.68,-0.37535078391047827,13405.93,2,22.0,0.8,0,1,-0.6762615106134099,95,A,0
1750,54,Feminino,Colombia,Ensino Médio,656.0,Poupança,91579.49,0.1744101640772528,36587.91,2,26.0,0.8,1,1,0.2400498284919416,61,B,1
1751,18,Feminino,Brasil,Ensino Médio,666.0,Poupança,10253.74,-0.4866065278560493,144069.64,3,26.0,2.8,1,0,0.8785325584748495,27,B,0
1752,50,Feminino,Argentina,Pós-Graduação,705.0,Corrente,60680.48,-0.07673736759892628,63811.68,1,24.0,4.5,1,0,0.08684851905539678,96,B,0
1753,34,Masculino,Argentina,Ensino Médio,651.0,Poupança,4711.29,-0.5316556293301301,54180.49,2,33.0,0.4,1,1,0.09728466512625855,33,B,0
1754,20,Masculino,Chile,Graduação,667.0,Corrente,18516.07,-0.41945020843371034,161318.5,3,31.0,14.0,0,0,-0.8727834278536748,13,C,0
1755,48,Masculino,Chile,Graduação,628.0,Premium,24455.56,-0.371173960977389,12069.39,1,32.0,7.0,1,1,1.1442047979041359,37,B,0
1756,58,Feminino,Chile,Graduação,660.0,Premium,270988.48,1.6326486318798226,30055.87,3,21.0,4.4,1,0,1.0445465781431837,44,A,0
1757,40,Masculino,Colombia,Pós-Graduação,766.0,Corrente,26114.27,-0.35769194578445573,38533.99,1,23.0,8.8,1,1,-0.4105591886864966,2,C,0
1758,53,Masculino,Brasil,Pós-Graduação,708.0,Corrente,2587.66,-0.5489165199765774,82043.98,2,22.0,0.4,0,1,-0.1242884594829956,38,A,1
1759,61,Feminino,Brasil,Ensino Médio,713.0,Corrente,3298.86,-0.5431358776670634,82900.29,3,30.0,3.2,0,0,1.4142206726903268,37,B,0
1760,57,Feminino,Brasil,Graduação,715.0,Corrente,37829.16,-0.2624731764012958,29155.42,2,31.0,5.0,1,0,-1.1335708210474553,59,A,0
1761,61,Feminino,Brasil,Graduação,636.0,Poupança,75850.91,0.046568073221548455,89212.16,1,24.0,8.8,1,0,0.6042883913587814,69,A,0
1762,50,Masculino,Brasil,Doutorado,678.0,Poupança,56985.21,-0.10677256741202823,38484.51,1,27.0,7.7,0,1,-0.5586137731311284,18,A,0
1763,42,Masculino,Brasil,Graduação,552.0,Corrente,44403.97,-0.20903304020470378,101415.76,3,17.0,1.6,1,0,1.778077876751641,48,A,0
1764,22,Masculino,Brasil,Ensino Médio,764.0,Poupança,146489.86,0.6207223238819102,26381.4,2,29.0,14.1,0,1,0.06344672866533706,81,B,0
1765,39,Feminino,Chile,Graduação,399.0,Premium,19005.63,-0.4154710587584492,45524.82,1,24.0,0.7,0,0,1.2603785181400424,66,A,0
1766,31,Masculino,Brasil,Ensino Médio,642.0,Poupança,106286.41,0.2939481899414805,36530.38,2,27.0,10.4,0,0,-0.7613273484611286,49,A,0
1767,68,Feminino,Chile,Ensino Médio,752.0,Corrente,5123.44,-0.5283056690828491,,2,27.0,17.7,0,0,-1.2485286823242678,58,A,0
1768,39,Feminino,Chile,Graduação,527.0,Poupança,12259.58,-0.47030303577208454,,1,15.0,1.0,1,1,-0.234259457201112,35,A,0
1769,43,Masculino,Brasil,Pós-Graduação,685.0,Poupança,4152.85,-0.5361946364889111,47788.05,1,21.0,6.4,1,0,0.2626834579468364,78,B,0
1770,48,Masculino,Brasil,Graduação,588.0,Premium,26112.92,-0.3577029186009882,66442.14,1,14.0,0.2,0,1,-0.5107316820164134,76,A,0
1771,42,Feminino,Argentina,Graduação,616.0,Corrente,34354.44,-0.29071574311349313,67992.66,2,26.0,2.6,1,1,0.7583074262749673,58,C,1
1772,62,Feminino,Argentina,Graduação,735.0,Corrente,2061225.740640617,-0.23146302151925943,83464.07,2,13.0,3.6,1,0,-0.20995356781042931,97,C,0
1773,34,Feminino,Brasil,Graduação,667.0,Poupança,39114.95,-0.2520222595352243,55640.96,2,23.0,4.3,1,0,-2.0814371617666056,7,A,0
1774,44,Masculino,Brasil,Graduação,466.0,Poupança,11931.49,-0.472969755309948,38141.21,3,21.0,13.7,1,1,0.5528119791930007,9,A,0
1775,33,Masculino,Brasil,Graduação,562.0,Poupança,28903.3,-0.33502267578937134,39742.67,3,27.0,5.6,1,0,-0.8825370591471574,69,B,0
1776,26,Feminino,Brasil,Ensino Médio,737.0,Corrente,6021.33,-0.5210076081670876,49781.73,2,20.0,3.3,1,0,-0.36159738167651845,4,C,0
1777,34,Feminino,Brasil,Graduação,690.0,Poupança,186441.87,0.9454527504231497,56940.12,1,18.0,8.3,1,1,1.5531312035393556,32,B,0
1778,41,Masculino,Brasil,Graduação,807.0,Corrente,25226.46,-0.36490807633677536,44877.73,2,12.0,15.0,0,0,1.7728117241210901,5,A,0
1779,36,Masculino,Argentina,Graduação,801.0,Corrente,20197.96,-0.4057797859169097,49588.89,1,33.0,0.1,1,0,-0.5754934350928114,56,C,0
1780,33,Feminino,Colombia,Pós-Graduação,619.0,Poupança,244440.79,1.4168686824508805,19725.11,2,32.0,20.2,1,1,0.5777866306318398,56,C,0
1781,25,Masculino,Argentina,Graduação,875.0,Corrente,8178.83,-0.5034714217458607,73160.66,2,34.0,0.5,1,0,-0.5522744904226446,44,B,0
1782,41,Feminino,Colombia,Ensino Médio,652.0,Corrente,9407.81,-0.49348225725549705,54647.97,1,31.0,8.4,1,1,-0.28687297889860314,72,A,0
1783,23,Masculino,Argentina,Graduação,563.0,Poupança,9745.25,-0.49073954080313137,89422.02,3,23.0,1.6,1,0,-0.6057754148985527,13,C,0
1784,51,Feminino,Argentina,Ensino Médio,592.0,Poupança,33475.01,-0.2978637609231894,49025.52,1,21.0,0.7,1,1,-1.7243436803964847,4,B,0
1785,42,Feminino,Brasil,Pós-Graduação,446.0,Corrente,60959.07,-0.07447298466725093,,2,18.0,2.9,1,1,0.09505522373370942,52,C,0
1786,24,Masculino,Brasil,Graduação,794.0,Poupança,88221.9,0.1471196314394555,39534.63,1,22.0,5.2,1,0,0.28816538694616667,75,A,0
1787,38,Feminino,Chile,Pós-Graduação,793.0,Corrente,795236.14,5.89374003241378,43479.38,3,22.0,2.4,1,1,-0.6710017453111383,15,A,0
1788,32,Feminino,Chile,Graduação,558.0,Corrente,2442.26,-0.5500983329571784,76553.26,1,31.0,0.3,0,1,1.087791711437109,82,A,1
1789,45,Feminino,Brasil,Pós-Graduação,629.0,Corrente,75393.98,0.04285414058588154,14155.18,1,23.0,4.6,0,0,-0.43608021709521955,84,B,0
1790,58,Masculino,Brasil,,658.0,Corrente,,-0.4186884511259943,,1,33.0,11.6,1,1,-0.6372118248590148,1,A,0
1791,19,Feminino,Argentina,Graduação,563.0,Premium,17967.18,-0.4239115930755399,66716.34,1,21.0,2.4,0,0,0.5265031181081061,65,B,0
1792,43,Feminino,Brasil,Pós-Graduação,492.0,Corrente,17262.18,-0.4296418417091274,32961.89,1,23.0,1.2,1,1,-1.542681989972529,11,C,0
1793,40,Masculino,Brasil,Graduação,631.0,Poupança,12203.48,-0.4707590172590977,51265.68,2,31.0,2.9,1,1,0.9066790317028058,93,A,0
1794,50,Feminino,Chile,Pós-Graduação,621.0,Poupança,274149.76,1.6583435544335638,33650.33,1,30.0,0.2,1,0,-0.4021691573943628,61,B,0
1795,44,Masculino,Brasil,Pós-Graduação,615.0,Premium,99783.37,0.24109140118379987,31642.49,1,32.0,8.6,1,0,0.9892860763940897,93,B,0
1796,32,Masculino,Argentina,Doutorado,670.0,Corrente,37340.55,-0.266444604464923,38366.81,1,24.0,8.8,1,0,1.2881305258291558,88,B,0
1797,38,Masculino,Chile,Graduação,778.0,Premium,183729.33,0.9234051920847788,32003.0,3,42.0,4.4,1,1,0.6401534423571412,84,A,0
1798,32,Masculino,Brasil,Pós-Graduação,622.0,Premium,5913.33,-0.5218854334896798,73878.05,2,23.0,2.2,1,0,-0.8119732927283112,94,B,0
1799,54,Feminino,Brasil,,,Corrente,,-0.5101664654330749,,2,27.0,8.0,1,1,-1.2508317064844046,63,A,0
1800,42,Feminino,Brasil,Graduação,715.0,Corrente,2660.95,-0.5483208179590517,28516.95,2,25.0,4.0,1,0,-1.434072663335236,38,A,1
1801,64,Masculino,Brasil,Graduação,699.0,Corrente,15688.8,-0.44243029361709035,141599.4,1,21.0,8.7,1,1,1.102910701701311,69,C,0
1802,41,Feminino,Argentina,Pós-Graduação,594.0,Poupança,44092.2,-0.21156711058270888,87242.25,1,19.0,5.0,1,1,-0.13480011220018331,45,C,0
1803,33,Masculino,Brasil,Ensino Médio,658.0,Poupança,41086.31,-0.2359990213135093,16044.03,1,21.0,7.7,1,1,-0.5992217945308487,74,A,0
1804,23,Feminino,Brasil,Graduação,699.0,Corrente,43443.23,-0.21684194669014042,30981.3,3,25.0,4.6,0,1,-0.13208215153889175,70,C,0
1805,20,Masculino,Brasil,Graduação,548.0,Poupança,6679.06,-0.5156615706723792,56697.07,4,17.0,2.7,0,0,1.080621208954168,68,B,1
1806,22,Masculino,Brasil,Graduação,763.0,Corrente,95204.8,0.20387672815360888,59531.03,2,24.0,15.8,1,0,0.7787397853595502,4,A,0
1807,45,Masculino,Brasil,Pós-Graduação,778.0,Poupança,48414.42,-0.17643605349183722,20044.38,1,28.0,3.9,1,1,0.43850615570885465,71,C,0
1808,48,Feminino,Argentina,Pós-Graduação,584.0,Corrente,87523.72,0.1414448158493873,98237.11,1,27.0,4.6,1,0,0.637886057426405,48,B,0
1809,23,Masculino,Brasil,Graduação,667.0,Poupança,3746.9,-0.5394942030602655,80429.37,1,25.0,1.2,0,1,0.1801723554969488,97,A,0
1810,52,Masculino,Brasil,Graduação,707.0,Corrente,52774.8,-0.14099483145364963,65456.49,2,21.0,4.9,1,1,0.30211305729642507,9,B,0
1811,36,Masculino,Brasil,Graduação,600.0,Corrente,8731.41,-0.4989800447388425,110640.01,1,31.0,4.2,1,1,0.221025231151047,90,A,0
1812,43,Masculino,Chile,Graduação,693.0,Poupança,22543.73,-0.3867133386300863,64303.8,3,21.0,1.0,1,0,-6.124562755371822e-05,47,C,0
1813,61,Feminino,Brasil,Graduação,664.0,Corrente,68956.96,-0.009466036803303273,64160.85,1,28.0,0.3,1,0,0.7533738838312816,85,B,0
1814,52,Masculino,Argentina,Ensino Médio,517.0,Poupança,40510.33,-0.24068059380708903,,3,34.0,4.6,1,1,0.36128210620039475,60,C,0
1815,38,Feminino,Brasil,Graduação,691.0,Premium,13071.01,-0.46370772279513145,,2,23.0,7.2,0,0,-0.8807150311069579,52,B,0
1816,31,Masculino,Argentina,Graduação,550.0,Corrente,36589.91,-0.27254581557742813,29587.15,2,21.0,3.7,1,1,0.5288743855226535,86,B,0
1817,18,Feminino,Brasil,Graduação,734.0,Poupança,5779.99,-0.5229692226425912,71676.42,2,19.0,1.3,1,1,0.24724706637930446,33,B,0
1818,33,Masculino,Colombia,Graduação,589.0,Corrente,144396.88,0.6037105568108097,32906.95,2,26.0,5.5,1,0,0.6114134689150991,58,B,0
1819,39,Feminino,Argentina,Graduação,635.0,Corrente,28386.22,-0.33922550836164855,,2,22.0,0.4,1,0,-0.10420691361502854,97,C,1
1820,30,Masculino,Chile,,,Corrente,,0.5598793566917029,,2,,2.9,1,1,0.8117403137671578,48,B,1
1821,40,Feminino,Brasil,Doutorado,694.0,Premium,19305.82,-0.4130311107622554,21373.77,2,29.0,0.9,0,1,-0.06140855086615696,5,C,0
1822,42,Feminino,Argentina,Graduação,552.0,Corrente,19374.42,-0.4124735291221645,45564.89,4,24.0,1.0,0,1,0.7238796866005448,85,B,0
1823,39,Feminino,Argentina,Ensino Médio,558.0,Premium,14515.55,-0.4519664839849719,57477.81,2,21.0,1.1,1,1,-0.4564715159505109,27,A,0
1824,34,Masculino,Brasil,Graduação,596.0,Premium,103923.33,0.2747410467626749,37730.57,2,24.0,2.4,1,1,-0.3872540540989525,41,A,1
1825,44,Feminino,Brasil,Pós-Graduação,685.0,Corrente,15501.35,-0.4439538895126449,59208.83,3,26.0,0.3,0,1,0.6020525232101246,1,B,0
1826,47,Feminino,Argentina,Pós-Graduação,682.0,Poupança,,0.0697998016640715,,1,31.0,2.5,1,0,-0.3317733937447442,51,A,0
1827,28,Masculino,Brasil,Pós-Graduação,574.0,Poupança,22949.63,-0.3834141784593441,48129.19,1,26.0,3.6,1,1,2.2057826947481614,16,B,0
1828,58,Masculino,Argentina,Ensino Médio,544.0,Corrente,3390.88,-0.5423879379801659,56092.63,2,33.0,3.3,0,0,0.5664449867790268,99,C,0
1829,40,Masculino,Brasil,Graduação,675.0,Corrente,18317.7,-0.4210625622229937,112426.44,2,23.0,2.4,0,1,0.024923486154200765,32,A,0
1830,42,Masculino,Brasil,Pós-Graduação,633.0,Corrente,8822.58,-0.4982390138623543,65115.5,3,24.0,9.1,1,1,0.8199007767588492,93,B,0
1831,50,Feminino,Argentina,Graduação,844.0,Poupança,37823.4,-0.26251999375183405,55298.14,1,23.0,0.8,1,0,-0.48068040997651684,47,B,0
1832,44,Feminino,Brasil,Pós-Graduação,653.0,Poupança,8703.76,-0.4992047842774506,27588.45,2,31.0,3.5,0,0,0.9230148192330175,23,C,0
1833,53,Masculino,Colombia,Graduação,813.0,Corrente,110323.27,0.3267598374577699,73321.97,2,24.0,0.3,0,1,0.8952352166635325,15,C,0
1834,45,Feminino,Chile,,,Corrente,,-0.30533559874077515,,1,20.0,0.4,1,0,1.25353405777955,26,B,0
1835,34,Masculino,Argentina,Pós-Graduação,508.0,Premium,29345.22,-0.3314307446175203,105899.27,2,26.0,4.3,0,1,-0.4408095313485774,37,B,0
1836,46,Feminino,Chile,Graduação,549.0,Corrente,79783.39,0.07853131881957698,50419.19,3,31.0,4.2,1,0,-1.222733254137745,89,B,0
1837,28,Feminino,Chile,Ensino Médio,757.0,Poupança,115461.03,0.3685196136559265,16485.56,1,23.0,10.5,1,1,-0.6101546392025484,55,B,0
1838,43,Feminino,Brasil,Graduação,808.0,Corrente,35450.11,-0.28181012393567356,17675.37,2,30.0,4.1,1,0,-0.28163051597274696,2,B,0
1839,41,Feminino,Chile,Pós-Graduação,579.0,Poupança,14393.9,-0.452955256674725,,2,30.0,16.1,1,1,1.667211600851755,76,B,0
1840,39,Masculino,Brasil,Ensino Médio,608.0,Premium,4320.98,-0.5348280737899536,34817.79,1,20.0,0.2,1,0,2.195012029127749,19,C,0
1841,40,Masculino,Brasil,Ensino Médio,544.0,Corrente,15942.44,-0.4403687045909582,63707.7,1,17.0,0.5,0,0,0.34466230464398234,32,A,1
1842,19,Masculino,Brasil,Graduação,486.0,Corrente,17315.29,-0.42921016297873044,52498.48,4,15.0,0.2,1,0,0.009390608018599282,87,B,1
1843,35,Masculino,Argentina,Pós-Graduação,714.0,Corrente,41293.85,-0.2343121336519281,44351.25,1,26.0,1.0,1,0,-0.3499078304742111,69,B,0
1844,43,Feminino,Brasil,Pós-Graduação,670.0,Corrente,24000.35,-0.37487391343199233,46266.95,1,24.0,3.9,1,0,0.8246903502108671,55,C,1
1845,43,Masculino,Brasil,Graduação,650.0,Corrente,82910.71,0.10395021407743638,29166.21,1,21.0,5.2,1,1,2.1885813919915176,89,A,0
1846,29,Feminino,Argentina,Graduação,523.0,Poupança,17403.39,-0.4284940850998382,48558.93,2,36.0,0.2,1,0,1.7858508911882716,99,C,0
1847,57,Feminino,Brasil,Graduação,797.0,Corrente,33912.89,-0.2943046669208131,34520.34,2,19.0,14.6,0,1,1.1379766126058337,56,C,0
1848,31,Masculino,Argentina,,,Corrente,,0.6521754554313658,,2,,9.2,1,0,1.1233025311138565,29,B,0
1849,53,Masculino,Argentina,Pós-Graduação,698.0,Poupança,54731.26,-0.12509270061440342,40368.72,1,25.0,1.8,1,1,0.8323098862541146,84,B,0
1850,47,Masculino,Brasil,Ensino Médio,519.0,Poupança,33791.17,-0.2952940085714234,42786.76,3,22.0,0.4,1,0,-0.0472906457085348,36,C,0
1851,34,Feminino,Brasil,Graduação,632.0,Corrente,17635.46,-0.42660781729785713,85246.65,1,19.0,0.9,1,1,-0.7365482225407958,71,B,0
1852,63,Feminino,Argentina,Graduação,676.0,Poupança,16985.62,-0.43188972477594295,45348.19,1,20.0,0.7,1,1,-0.020814089327941376,86,B,0
1853,27,Masculino,Brasil,,,Poupança,,-0.4635895414970714,,2,,0.7,0,0,0.4223396021313532,82,B,0
1854,53,Masculino,Brasil,Graduação,663.0,Poupança,18973.37,-0.41573326843351244,123341.59,1,35.0,3.7,0,0,-1.453633898718295,53,A,0
1855,54,Masculino,Brasil,Graduação,694.0,Corrente,89931.09,0.16101194869057808,81876.46,3,21.0,1.4,0,0,-0.15295072936620885,85,A,0
1856,33,Feminino,Brasil,Pós-Graduação,548.0,Corrente,27826.22,-0.34377719521953365,67553.9,3,24.0,2.2,1,0,-0.8259323545912736,86,B,1
1857,58,Masculino,Brasil,Ensino Médio,667.0,Poupança,7188.75,-0.5115188041106015,59641.05,1,26.0,22.8,1,0,1.0138411610681415,39,C,0
1858,38,Masculino,Brasil,Graduação,660.0,Poupança,303095.48,1.893614721069317,82389.66,3,20.0,5.8,1,0,-0.5497084021567107,76,A,0
1859,45,Feminino,Argentina,Graduação,670.0,Poupança,53314.21,-0.1366105003679143,51720.86,2,25.0,14.9,1,1,0.32822033198098743,11,C,0
1860,45,Feminino,Brasil,Doutorado,656.0,Corrente,6712.11,-0.5153929398676415,88498.59,3,23.0,0.8,1,0,-0.7000202929355765,76,B,0
1861,40,Feminino,Chile,,,Poupança,,-0.3962468467539266,,1,,2.4,1,0,1.5976993259609156,90,C,0
1862,51,Masculino,Brasil,Doutorado,531.0,Poupança,41484.02,-0.23276642956306381,39501.57,2,26.0,4.0,1,0,-1.7007569365345856,30,C,0
1863,51,Feminino,Brasil,Pós-Graduação,450.0,Corrente,280831.61,1.7126537130609916,83910.88,1,22.0,0.4,1,1,0.47584037684396674,79,A,0
1864,21,Feminino,Argentina,Pós-Graduação,723.0,Corrente,9607.17,-0.49186185673408994,51786.67,3,25.0,0.0,1,0,-1.2772576684399324,72,C,0
1865,57,Masculino,Argentina,Ensino Médio,724.0,Poupança,117154.5,0.38228415855453846,45996.51,1,18.0,5.5,1,1,-0.5093326504848509,53,C,0
1866,22,Feminino,Argentina,Graduação,725.0,Poupança,194732.81,1.012841612275853,36837.83,2,25.0,5.1,0,1,0.2061867036845048,82,A,0
1867,54,Masculino,Argentina,Ensino Médio,677.0,Corrente,17079.17,-0.43112934923030877,54155.31,1,31.0,2.6,1,1,0.2553570313168375,74,B,0
1868,55,Masculino,Argentina,Graduação,458.0,Poupança,26029.44,-0.3583814450633029,2280601.8887463612,1,24.0,3.4,1,0,0.22926684109541284,8,C,0
1869,28,Feminino,Brasil,Doutorado,557.0,Poupança,10471.67,-0.4848351901472298,83563.66,2,25.0,2.7,1,1,0.15174914097550044,99,B,0
1870,37,Masculino,Argentina,Ensino Médio,665.0,Poupança,28448.38,-0.33872027112042324,60599.16,3,20.0,0.1,1,0,-0.6418442618734426,20,B,0
1871,28,Feminino,Argentina,Graduação,662.0,Poupança,34755.46,-0.28745624764251265,70247.93,2,19.0,2.0,1,1,-0.16405332308881104,12,B,0
1872,39,Masculino,Colombia,Ensino Médio,629.0,Poupança,80143.98,0.08146219875544265,105136.85,3,27.0,1.0,1,1,0.03163401617891492,67,A,0
1873,38,Masculino,Argentina,Pós-Graduação,683.0,Corrente,134352.22,0.5220674373216594,,1,29.0,0.5,1,1,0.1953603967588828,84,B,1
1874,51,Feminino,Argentina,Ensino Médio,651.0,Corrente,,-0.4496662565192907,,2,27.0,15.7,1,1,-0.06568047280698833,50,C,0
1875,57,Feminino,Brasil,Ensino Médio,660.0,Poupança,3426.21,-0.5421007753075068,107010.04,2,25.0,4.6,1,1,0.7295904209844546,12,B,0
1876,58,Masculino,Chile,Graduação,592.0,Corrente,35401.39,-0.2822061206923096,35672.42,1,27.0,6.5,1,0,0.0933869701509424,54,B,0
1877,35,Feminino,Colombia,Pós-Graduação,738.0,Poupança,51649.98,-0.1501373821884466,32396.22,2,27.0,1.9,1,0,0.20132596762161362,88,B,0
1878,39,Masculino,Argentina,Ensino Médio,611.0,Poupança,48986.56,-0.17178569256528298,16685.27,2,28.0,2.5,0,1,-0.3826523483115173,80,C,0
1879,21,Feminino,Argentina,Ensino Médio,530.0,Corrente,24538.34,-0.3705011241236466,69062.68,2,25.0,1.4,1,1,-1.0524419266144223,54,B,1
1880,32,Masculino,Brasil,Ensino Médio,580.0,Poupança,42180.04,-0.22710917047944737,18529.67,2,24.0,0.5,0,1,0.1540289307324705,74,B,0
1881,53,Feminino,Argentina,Doutorado,618.0,Poupança,223805.75,1.249146824629571,31252.19,2,23.0,1.0,1,1,1.207446043962938,19,B,0
1882,61,Masculino,Argentina,Graduação,739.0,Corrente,57416.16,-0.10326980053451822,69768.79,1,20.0,8.0,0,0,0.4438612307304131,14,A,0
1883,27,Feminino,Argentina,Pós-Graduação,646.0,Corrente,23201.17,-0.38136965825892916,75595.55,1,29.0,5.7,1,1,-0.8174939412147917,52,C,0
1884,34,Feminino,Brasil,Graduação,633.0,Premium,19925.64,-0.40799320621180124,33155.95,2,27.0,4.0,1,1,0.8147400258186039,78,A,0
1885,41,Masculino,Argentina,,,Corrente,,-0.3292040756626674,,1,25.0,3.2,1,0,-0.33511706779395667,22,C,0
1886,45,Feminino,Brasil,Graduação,720.0,Poupança,258871.73,1.5341635394953956,29040.4,1,24.0,12.8,1,0,0.7146539804802873,4,B,0
1887,32,Masculino,Argentina,Ensino Médio,591.0,Corrente,29145.01,-0.33305805394933674,35276.13,1,32.0,0.4,1,1,-0.36879586489616106,59,C,0
1888,47,Masculino,Brasil,Graduação,640.0,Corrente,35463.06,-0.281704866177085,57510.86,2,19.0,1.6,1,1,0.3533064398273697,34,C,0
1889,36,Feminino,Argentina,Graduação,783.0,Corrente,20357.89,-0.4044798729183712,36279.64,1,17.0,2.2,0,1,-0.5184973366243467,64,C,0
1890,41,Masculino,Brasil,Graduação,695.0,Poupança,135778.48,0.5336600960679581,42339.3,2,23.0,7.6,1,0,-0.4930524964703344,18,C,0
1891,48,Masculino,Brasil,Ensino Médio,503.0,Corrente,381476.57,2.530697180461655,20356.92,2,24.0,24.5,0,0,-1.5662653670957396,98,A,0
1892,42,Masculino,Argentina,Ensino Médio,490.0,Corrente,62363.51,-0.06305767914816493,96739.17,1,35.0,1.4,1,1,0.5120748191611598,82,C,0
1893,36,Feminino,Brasil,Pós-Graduação,644.0,Poupança,40107.86,-0.24395187489582656,66572.04,2,31.0,10.4,0,1,0.3701696348203371,31,A,0
1894,40,Masculino,Argentina,Pós-Graduação,540.0,Corrente,,-0.26145563054819115,,2,30.0,8.9,1,0,0.42644271626094254,84,A,0
1895,40,Feminino,Colombia,Ensino Médio,708.0,Corrente,2077.32,-0.553064569746315,106324.94,2,22.0,1.3,1,1,0.27533056113181104,42,B,0
1896,37,Feminino,Colombia,Ensino Médio,653.0,Corrente,88803.47,0.1518466395214917,29877.84,2,25.0,2.5,1,1,-0.7622500333233032,74,C,0
1897,38,Feminino,Brasil,Pós-Graduação,664.0,Corrente,42659.26,-0.2232140644508122,39535.86,1,29.0,2.6,1,1,0.9658992644935801,3,B,0
1898,61,Feminino,Chile,Pós-Graduação,586.0,Poupança,60718.91,-0.07642500808830391,15726.45,2,27.0,19.1,1,1,0.99277930009227,85,C,0
1899,48,Feminino,Brasil,Doutorado,806.0,Corrente,15463.62,-0.44426055941469494,322627.52,1,36.0,1.0,1,0,-0.7882374651705827,55,A,0
1900,38,Feminino,Chile,Graduação,900.0,Corrente,22894.49,-0.38386235705460087,44812.79,3,21.0,8.0,1,1,0.5321239913499579,10,A,0
1901,50,Masculino,Argentina,Graduação,624.0,Premium,22176.09,-0.38970152105228784,91421.57,3,29.0,2.0,1,0,0.874991185367977,71,A,0
1902,37,Masculino,Brasil,Ensino Médio,681.0,Premium,123741.2,0.43582093681673806,23320.86,2,25.0,6.6,1,1,-0.47009827334372145,22,C,0
1903,56,Feminino,Brasil,Graduação,658.0,Poupança,23051.55,-0.38258577145120903,89128.38,1,26.0,2.7,1,0,-0.29603568924435214,23,C,0
1904,46,Feminino,Brasil,Ensino Médio,626.0,Premium,442056.24,3.023089480093827,149425.7,1,24.0,4.3,0,1,0.534113408211786,76,C,0
1905,40,Feminino,Argentina,Ensino Médio,575.0,Poupança,60902.83,-0.07493010407597851,47279.48,1,30.0,8.9,1,1,-1.5103297694143012,13,C,0
1906,47,Masculino,Brasil,Ensino Médio,552.0,Poupança,,-0.5060859594451033,,2,20.0,8.2,1,1,-1.088517221534,40,C,0
1907,23,Masculino,Argentina,Graduação,547.0,Poupança,31124.31,-0.31697027931038674,45103.82,1,26.0,10.1,1,1,-0.9897750078695615,13,B,0
1908,28,Feminino,Argentina,Graduação,686.0,Poupança,16613.81,-0.4349118010092113,12886.6,2,22.0,0.3,1,0,-1.7963163648254954,97,C,0
1909,27,Feminino,Colombia,Graduação,603.0,Poupança,2609.05,-0.5487426617946307,47919.03,1,24.0,5.9,0,1,1.0849397741874804,95,B,0
1910,43,Feminino,Colombia,Pós-Graduação,417.0,Corrente,247549.32,1.4421348523586333,80224.18,4,20.0,0.8,0,0,-1.988131814191667,51,C,0
1911,62,Feminino,Brasil,Pós-Graduação,690.0,Poupança,84437.85,0.11636282669913396,47980.28,1,20.0,2.7,0,0,0.3431106634313661,64,C,0
1912,68,Masculino,Argentina,Graduação,646.0,Poupança,68861.24,-0.010244050135511787,41337.12,3,22.0,4.0,1,1,0.8116833947552199,92,C,0
1913,49,Feminino,Chile,Doutorado,771.0,Poupança,44288.68,-0.2099701187365709,67274.79,3,28.0,2.6,1,1,-0.29359595441326725,83,C,0
1914,48,Feminino,Chile,Graduação,683.0,Corrente,6915.9,-0.5137365322519836,70432.84,2,33.0,3.7,1,1,-0.668367624731245,85,A,0
1915,20,Masculino,Brasil,Ensino Médio,516.0,Corrente,20326.07,-0.404738506268046,18107.05,2,21.0,28.3,1,1,0.23284245073663914,96,A,0
1916,35,Masculino,Brasil,Doutorado,449.0,Corrente,99721.53,0.24058876490649345,51704.17,1,27.0,0.7,1,1,0.0018330005944814697,90,B,0
1917,32,Feminino,Brasil,Ensino Médio,585.0,Poupança,10285.97,-0.48634456202135345,211417.7,2,17.0,5.6,1,1,1.0035048624164156,13,B,0
1918,34,Feminino,Brasil,Graduação,593.0,Corrente,1740.41,-0.5558029783521902,22004.24,1,29.0,2.5,1,1,-2.6285211403979574,29,C,0
1919,39,Masculino,Brasil,Graduação,734.0,Corrente,27652.54,-0.3451888683864577,46571.72,1,16.0,0.7,1,1,-0.9187074761481279,71,C,1
1920,36,Masculino,Brasil,Graduação,649.0,Corrente,30634.77,-0.3209492664254029,157164.4,2,21.0,0.9,1,0,0.5615768839160554,47,C,0
1921,18,Masculino,Argentina,Graduação,752.0,Corrente,42730.84,-0.22263226133422756,95082.96,2,20.0,14.9,1,1,0.050447442774460144,26,C,0
1922,50,Masculino,Brasil,Ensino Médio,530.0,Poupança,87048.64,0.13758335979145148,36024.77,2,22.0,10.6,0,1,0.7520341591968671,70,A,0
1923,29,Feminino,Argentina,,,Premium,,0.06445628385315934,,1,,11.9,0,0,0.2620199762396622,96,B,0
1924,44,Feminino,Brasil,Pós-Graduação,714.0,Corrente,49539.41,-0.16729212099495833,48958.73,1,30.0,23.9,1,0,-0.13473706324131265,23,B,0
1925,66,Feminino,Chile,Graduação,468.0,Poupança,152456.97,0.6692230670364724,31293.23,1,17.0,1.2,1,1,-0.3022884430935042,75,B,0
1926,30,Feminino,Colombia,Graduação,769.0,Corrente,5867.81,-0.5222554206071278,46884.8,1,29.0,2.2,0,0,2.3250550158755865,56,A,1
1927,18,Masculino,Argentina,Graduação,658.0,Corrente,66535.98,-0.029143791891165265,41440.76,1,26.0,5.5,1,0,1.5349462740315112,85,C,1
1928,38,Masculino,Chile,,,Poupança,,0.0560864632426108,,1,,3.3,1,0,0.4955050980952219,19,A,0
1929,55,Masculino,Brasil,Pós-Graduação,572.0,Poupança,8205.22,-0.5032569235026828,31287.38,1,24.0,2.7,1,0,0.07846389344841469,98,A,0
1930,65,Masculino,Argentina,Pós-Graduação,764.0,Poupança,5982.27,-0.521325088325425,22788.91,3,30.0,2.2,1,1,0.5381325493534344,50,B,0
1931,27,Masculino,Brasil,Ensino Médio,543.0,Corrente,14836.85,-0.4493549536502604,47821.54,1,23.0,4.5,1,0,0.826834717872908,35,A,0
1932,47,Feminino,Brasil,,,Premium,,-0.43650115252383775,,2,21.0,4.3,0,0,0.41882668570450926,49,B,1
1933,36,Feminino,Brasil,Ensino Médio,723.0,Corrente,89689.0,0.1590442382058899,51499.21,1,28.0,0.9,0,1,-0.7513801233865582,95,A,0
1934,40,Feminino,Brasil,Ensino Médio,562.0,Corrente,17370.93,-0.4287579203773506,40176.75,3,29.0,3.2,0,0,1.7845107677245104,46,B,0
1935,73,Feminino,Brasil,Graduação,828.0,Corrente,12995.8,-0.4643190305961699,,2,21.0,4.0,1,1,0.24620822775401915,93,B,0
1936,23,Feminino,Argentina,Doutorado,670.0,Poupança,17431.59,-0.42826487515449474,4309018.5155323185,1,27.0,4.2,1,1,2.0139300303898144,70,C,0
1937,45,Feminino,Brasil,Graduação,708.0,Corrente,139018.01,0.5599910355799661,150364.82,2,33.0,1.2,1,1,0.18714748687733387,53,B,0
1938,47,Masculino,Chile,Doutorado,512.0,Corrente,36888.39,-0.2701197664821754,48905.86,1,32.0,6.8,1,1,-0.24565335212553394,31,A,0
1939,55,Feminino,Argentina,Ensino Médio,840.0,Poupança,29286.99,-0.33190403877061786,,2,30.0,0.1,1,0,1.3841401240464637,96,B,0
1940,43,Masculino,Brasil,Pós-Graduação,539.0,Corrente,31824.55,-0.3112787200150912,31170.81,1,23.0,2.2,1,0,0.30118695807776713,84,A,0
1941,45,Masculino,Brasil,Ensino Médio,742.0,Corrente,171180.25,0.8214061161659418,66293.93,4,22.0,7.6,0,0,0.13342263450928954,22,B,0
1942,37,Masculino,Chile,Pós-Graduação,560.0,Corrente,14779.46,-0.44982142027307115,57818.04,1,30.0,4.1,1,0,-1.2003642056425943,67,C,0
1943,45,Feminino,Brasil,Ensino Médio,594.0,Corrente,176065.25,0.8611114559887432,47386.67,1,22.0,1.5,1,1,0.6602178051358282,8,C,0
1944,37,Feminino,Brasil,Pós-Graduação,720.0,Poupança,46751.22,-0.18995456345975595,36277.22,2,26.0,5.9,1,0,-0.4933103829559084,19,A,0
1945,49,Feminino,Argentina,Ensino Médio,742.0,Poupança,29956.35,-0.32646347249348584,33429.09,1,21.0,4.2,1,1,-0.4477912090739742,31,B,0
1946,37,Feminino,Brasil,Graduação,535.0,Corrente,730205.0,5.365166130107912,58070.41,3,27.0,8.0,1,0,-0.4905488454051715,32,A,0
1947,46,Masculino,Brasil,Graduação,748.0,Corrente,10231.56,-0.48678680716767053,71493.62,2,19.0,6.6,1,0,0.4390338346953026,79,C,0
1948,41,Feminino,Brasil,Graduação,744.0,Poupança,23755.68,-0.3768625941882758,45419.75,2,26.0,4.7,0,0,-1.53537627357569,55,A,0
1949,55,Feminino,Brasil,Graduação,565.0,Poupança,8275.73,-0.5026838173592016,58241.93,1,25.0,3.3,1,0,-0.2108453427258072,31,A,1
1950,41,Feminino,Brasil,Doutorado,793.0,Poupança,1632815.2614022233,0.35571880716934934,47918.23,3,23.0,0.7,1,1,0.9802789911093779,67,B,0
1951,20,Masculino,Brasil,Graduação,518.0,Corrente,275688.45,1.6708500455967055,,2,23.0,1.5,0,1,-1.2456688693400075,51,C,0
1952,57,Masculino,Brasil,Pós-Graduação,593.0,Corrente,269387.82,1.619638447797783,43465.94,1,24.0,2.7,0,1,0.1728789609345851,96,C,0
1953,31,Feminino,Brasil,Ensino Médio,693.0,Premium,157745.54,0.712208628761482,49552.28,1,18.0,4.6,1,1,-0.6313994202708345,74,B,0
1954,34,Masculino,Colombia,Graduação,573.0,Poupança,28648.47,-0.33709393715007646,247415.47,1,21.0,3.6,1,1,-0.40369311946563347,92,B,0
1955,34,Feminino,Brasil,Graduação,673.0,Corrente,23428.55,-0.37952151083438285,59099.67,4,24.0,1.7,1,1,1.655152260389907,27,B,0
1956,58,Masculino,Argentina,Pós-Graduação,671.0,Corrente,4888.28,-0.530217052442671,72198.76,1,28.0,0.0,1,0,-1.6504891835450084,48,C,0
1957,18,Feminino,Brasil,Graduação,633.0,Corrente,417921.23,2.826919823251103,63755.72,2,25.0,3.4,1,0,0.7656303381716163,43,C,1
1958,79,Masculino,Brasil,Graduação,724.0,Corrente,63753.14,-0.05176274949044554,41869.37,1,19.0,1.7,1,1,-0.4779282687772126,95,B,0
1959,54,Feminino,Chile,Ensino Médio,629.0,Premium,20123.66,-0.40638369722680406,106552.55,1,22.0,6.6,1,0,-0.5276639851456674,51,A,0
1960,44,Masculino,Argentina,Graduação,670.0,Premium,178736.56,0.8828238963822022,,2,25.0,0.1,1,0,-1.1115623424882675,98,C,0
1961,41,Feminino,Brasil,Graduação,753.0,Corrente,11301.41,-0.4780910532660484,92321.54,4,22.0,4.4,1,0,0.7538996372736357,69,B,1
1962,45,Masculino,Brasil,Graduação,721.0,Corrente,59156.78,-0.0891220198584969,40113.8,2,22.0,14.2,1,0,-0.19140461628401628,75,B,0
1963,48,Feminino,Brasil,Graduação,720.0,Poupança,29520.64,-0.3300049287092878,27557.13,3,28.0,1.0,0,1,-0.31766941379465224,71,A,0
1964,49,Feminino,Chile,Ensino Médio,546.0,Corrente,78152.13,0.06527241756280265,61037.13,2,30.0,3.2,1,0,0.10983692920407466,72,B,0
1965,48,Masculino,Brasil,Pós-Graduação,697.0,Poupança,33648.1,-0.2964568832834906,25265.6,1,27.0,0.5,1,0,-0.17028712574180055,81,A,0
1966,43,Feminino,Brasil,Ensino Médio,570.0,Poupança,6367.02,-0.5181978356136906,67601.41,1,29.0,4.9,1,0,-2.0006878797535244,50,A,0
1967,39,Masculino,Argentina,Pós-Graduação,534.0,Poupança,39762.98,-0.2467550637593041,23944.76,2,27.0,4.0,0,1,-0.4908241829773584,61,C,0
1968,40,Masculino,Colombia,Ensino Médio,643.0,Poupança,127853.07,0.4692422665316167,40481.29,4,23.0,2.6,0,1,0.8954408909483242,41,B,0
1969,39,Masculino,Chile,Ensino Médio,568.0,Poupança,35064.35,-0.2849455859397767,20763.71,3,25.0,3.7,0,0,-1.5066164641123083,51,C,0
1970,55,Feminino,Brasil,Graduação,721.0,Premium,92054.69,0.1782725954966581,266865.54,1,25.0,11.3,1,1,-1.0899378998563545,78,C,0
1971,49,Masculino,Argentina,Graduação,723.0,Corrente,10356.45,-0.4857716997182397,18171.76,1,27.0,1.1,1,0,-0.4267913953985256,24,C,0
1972,18,Masculino,Argentina,Graduação,478.0,Premium,35188.94,-0.2839329168940197,49310.3,1,28.0,0.1,1,1,-0.725623418637142,30,B,1
1973,49,Feminino,Argentina,Graduação,575.0,Corrente,17164.31,-0.4304373302676653,97341.68,3,20.0,9.9,1,1,-0.027885482141608037,52,B,0
1974,44,Feminino,Chile,Graduação,518.0,Corrente,88998.7,0.15343347135232185,91293.2,3,22.0,4.3,0,1,-1.0930767516787407,50,B,0
1975,41,Masculino,Chile,Graduação,608.0,Corrente,37714.12,-0.26340822293010135,81699.67,2,26.0,11.1,0,0,-0.38785452380937296,57,C,0
1976,37,Feminino,Brasil,Graduação,690.0,Poupança,83123.97,0.10568359396906593,40524.54,1,26.0,4.5,0,0,-0.04799453159933417,62,A,0
1977,55,Feminino,Brasil,Graduação,628.0,Corrente,133954.1,0.518831513086193,110266.27,2,38.0,8.3,1,0,0.648940416207971,79,C,0
1978,53,Masculino,Argentina,Pós-Graduação,596.0,Poupança,83278.22,0.10693733985804589,84798.63,2,21.0,2.8,1,0,1.244789386099596,53,A,0
1979,32,Feminino,Brasil,Pós-Graduação,767.0,Poupança,,-0.16029902309867514,,1,27.0,6.9,1,0,-0.26154715385343974,68,B,0
1980,46,Feminino,Brasil,Graduação,442.0,Corrente,10961.51,-0.48085376462853974,56633.07,2,25.0,12.2,1,0,1.8880602412458254,77,B,0
1981,30,Feminino,Brasil,Pós-Graduação,761.0,Poupança,36194.29,-0.275761419782279,40849.36,1,34.0,4.2,0,0,-0.18390458054452397,69,C,0
1982,25,Masculino,Chile,,,Premium,,-0.4142612854157213,,1,,1.0,0,1,0.8288751482565307,31,A,0
1983,34,Feminino,Brasil,Graduação,642.0,Poupança,24031.56,-0.37462023816978773,102980.05,3,31.0,1.6,1,0,1.931507734726779,76,B,1
1984,52,Masculino,Argentina,Ensino Médio,602.0,Corrente,23168.73,-0.38163333097619667,107723.69,2,26.0,1.1,1,1,0.13930840923593518,30,B,0
1985,53,Feminino,Brasil,Pós-Graduação,788.0,Premium,11204.71,-0.4788770320502582,28840.46,1,25.0,1.4,0,1,-1.3735266215775355,10,C,0
1986,48,Masculino,Brasil,Ensino Médio,539.0,Poupança,3467.52,-0.5417650071216153,44700.01,2,30.0,1.8,0,1,0.09090385720763113,94,C,0
1987,50,Masculino,Brasil,Ensino Médio,651.0,Corrente,16288.72,-0.43755413651033603,44978.78,1,34.0,4.0,1,1,-0.6116428882049108,90,C,0
1988,48,Masculino,Brasil,,,Corrente,,-0.1976801578196688,,2,,4.4,1,1,-0.27443202697245206,44,A,0
1989,34,Feminino,Chile,Pós-Graduação,505.0,Corrente,7202.53,-0.5114068001018486,50948.82,2,21.0,2.8,0,1,1.984976882495215,6,A,0
1990,47,Masculino,Chile,Pós-Graduação,567.0,Premium,2501842.879276648,-0.2691688703294898,86518.79,2,26.0,4.8,1,0,-1.2227634232238758,27,B,0
1991,51,Masculino,Argentina,Graduação,636.0,Corrente,355159.45,2.316791306816324,,2,12.0,0.4,0,1,0.30046682230585875,20,C,0
1992,51,Masculino,Brasil,Doutorado,570.0,Corrente,123954.26,0.4375526911059184,29501.36,1,31.0,0.5,1,1,-0.8777212803217245,92,B,0
1993,56,Feminino,Brasil,Ensino Médio,576.0,Premium,260993.25,1.5514072800360033,102947.23,1,23.0,0.9,0,0,-0.3076579412009145,20,A,1
1994,50,Masculino,Brasil,Ensino Médio,618.0,Corrente,58067.04,-0.09797943992369636,37138.64,2,27.0,3.6,0,0,0.7448423352044837,12,B,0
1995,46,Feminino,Brasil,Graduação,708.0,Premium,147415.7,0.6282475627399539,22975.39,1,28.0,1.2,1,1,0.31816394347302285,85,B,1
1996,54,Masculino,Brasil,Doutorado,619.0,Corrente,15233.35,-0.4461321967946328,36640.96,2,24.0,1.7,0,1,-0.2250322689615891,94,C,0
1997,41,Masculino,Argentina,Graduação,747.0,Poupança,16760.69,-0.43371795857048595,40213.91,1,19.0,2.6,1,1,-0.649800325264628,49,B,1
1998,31,Feminino,Brasil,Ensino Médio,560.0,Corrente,1357.0,-0.5589193395275147,124614.17,1,17.0,8.4,1,0,0.31607819215361427,52,C,0
1999,40,Feminino,Brasil,Ensino Médio,537.0,Premium,150749.47,0.6553444861260459,85382.44,1,21.0,0.1,1,1,1.7076867171533705,10,B,0
2000,33,Masculino,Colombia,Ensino Médio,823.0,Poupança,230588.21,1.3042747425690913,97588.25,4,16.0,5.2,1,0,-0.9013519426236237,5,B,0
